,Names,Region,Era,Area
0,Nicola Abbagnano,Italian,20thcentury,
1,Muhammad Abduh,,19thcentury,
2,Peter Abelard,Catholicandtheologians,,"['logicians', 'metaphysicians', 'ethicists']"
3,Miguel Abensour,,20thcentury,
4,Abhinavagupta,TimelineEastern#Japanese,1stthrough10thcenturies,aestheticians
5,Abner of Burgos,,11ththrough14thcenturies,
6,Isaac ben Judah Abravanel,,15thand16thcenturies,
7,Judah ben Isaac Abravanel,,15thand16thcenturies,
8,Marilyn McCord Adams,American,20thcentury,metaphysicians
9,Robert Adams,,,
10,Jane Addams,American,,
11,Joseph Addison,,,
12,Adelard of Bath,Catholicandtheologians,11ththrough14thcenturies,
13,Alfred Adler,,,
14,Theodor Adorno,German-language,20thcentury,"['aestheticians', 'political', 'politicaltheorists']"
15,Aenesidemus,ancientGreek,centuriesBC,epistemologists
16,Jamal al-Din al-Afghani,,19thcentury,
17,Rodolphus Agricola,,15thand16thcenturies,logicians
18,Agrippa the Sceptic,,1stthrough10thcenturies,
19,Heinrich Cornelius Agrippa,,15thand16thcenturies,
20,Pierre d'Ailly,French,11ththrough14thcenturies,
21,Kazimierz Ajdukiewicz,,19thcentury,logicians
22,Isaac Albalag,,,
23,Hans Albert,,20thcentury,
24,Albert of Saxony,Catholicandtheologians,11ththrough14thcenturies,logicians
25,Albertus Magnus,Muslim,11ththrough14thcenturies,metaphysicians
26,Joseph Albo,,,
27,Alcinous,ancientGreek,1stthrough10thcenturies,
28,Alcmaeon of Croton,ancientGreek,centuriesBC,
29,Virgil Aldrich,American,20thcentury,aestheticians
30,Yohanan ben Isaac Alemanno,,15thand16thcenturies,
31,Alexander of Aphrodisias,ancientGreek,1stthrough10thcenturies,Indexsociopoliticalthinkers
32,Alexander of Hales,Catholicandtheologians,11ththrough14thcenturies,
33,Samuel Alexander,,19thcentury,
34,Dante Alighieri,Catholicandtheologians,11ththrough14thcenturies,
35,Antonio Aliotta,,,
36,Archibald Alison,,18thcentury,
37,Abd al-Jabiri,,,
38,Abdullah al-Qasemi,,,
39,William Alston,American,20thcentury,"['metaphysicians', 'epistemologists']"
40,Johannes Althusius,,,
41,Louis Althusser,French,20thcentury,"['political', 'Indexsociopoliticalthinkers', 'politicaltheorists']"
42,Robert Alyngton,,11ththrough14thcenturies,
43,B. R. Ambedkar,,19thcentury,"['political', 'Indexsociopoliticalthinkers']"
44,Ambrose,Catholicandtheologians,1stthrough10thcenturies,ethicists
45,Abu'l Hasan Muhammad Ibn Yusuf al-'Amiri,,1stthrough10thcenturies,
46,Ammonius Hermiae,ancientGreek,1stthrough10thcenturies,
47,Ammonius Saccas,ancientGreek,1stthrough10thcenturies,metaphysicians
48,André-Marie Ampère,,,
49,Anton Wilhelm Amo,,18thcentury,
50,Anaxagoras,ancientGreek,centuriesBC,metaphysicians
51,Anaxarchus,ancientGreek,centuriesBC,
52,Anaximander,ancientGreek,centuriesBC,metaphysicians
53,Anaximenes of Miletus,ancientGreek,centuriesBC,
54,Alan Ross Anderson,,20thcentury,logicians
55,John Anderson,,19thcentury,aestheticians
56,Ando Shoeki,,,
57,Andronicus of Rhodes,ancientGreek,centuriesBC,ethicists
58,Peter Annet,,,
59,Anniceris,ancientGreek,centuriesBC,
60,G. E. M. Anscombe,Catholicandtheologians,20thcentury,ethicists
61,Anselm,Catholicandtheologians,11ththrough14thcenturies,
62,Antiochus of Ascalon,ancientGreek,centuriesBC,
63,Antiphon,,centuriesBC,
64,Antisthenes,ancientGreek,centuriesBC,
65,Karl-Otto Apel,German-language,20thcentury,"['Indexsociopoliticalthinkers', 'ethicists']"
66,Apuleius,,1stthrough10thcenturies,
67,Thomas Aquinas,Muslim,11ththrough14thcenturies,"['Indexsociopoliticalthinkers', 'ethicists', 'epistemologists', 'metaphysicians', 'logicians', 'aestheticians']"
68,Isaac ben Moses Arama,,15thand16thcenturies,
69,Arcesilaus,ancientGreek,centuriesBC,
70,Archytas,ancientGreek,centuriesBC,
71,Roberto Ardigò,Italian,19thcentury,
72,Hannah Arendt,German-language,20thcentury,"['political', 'Indexsociopoliticalthinkers', 'politicaltheorists']"
73,Aristippus of Cyrene,,,
74,Aristo of Chios,ancientGreek,centuriesBC,
75,Aristotle,Muslim,centuriesBC,"['Indexsociopoliticalthinkers', 'ethicists', 'politicaltheorists', 'epistemologists', 'political', 'metaphysicians', 'logicians', 'aestheticians']"
76,Arius,,1stthrough10thcenturies,
77,Mohammed Arkoun,Muslim,,
78,Jacobus Arminius,,15thand16thcenturies,
79,David Malet Armstrong,,20thcentury,metaphysicians
80,Antoine Arnauld,French,17thcentury,
81,Matthew Arnold,,,
82,Kenneth Arrow,,20thcentury,politicaltheorists
83,Valentin Ferdinandovich Asmus,,19thcentury,
84,Mary Astell,,17thcentury,
85,Athanasius of Alexandria,Catholicandtheologians,1stthrough10thcenturies,
86,Pandurang Shastri Athavale,TimelineEastern#Japanese,20thcentury,
87,Gwenaëlle Aubry,French,20thcentury,
88,Augustine of Hippo,Catholicandtheologians,1stthrough10thcenturies,"['metaphysicians', 'aestheticians', 'ethicists']"
89,Marcus Aurelius,Italian,1stthrough10thcenturies,
90,Peter Aureol,,11ththrough14thcenturies,
91,Sri Aurobindo,TimelineEastern#Japanese,19thcentury,aestheticians
92,John Austin,,18thcentury,Indexsociopoliticalthinkers
93,John Langshaw Austin,,20thcentury,
94,Richard Avenarius,German-language,19thcentury,
95,Averroes,Muslim,11ththrough14thcenturies,"['metaphysicians', 'Indexsociopoliticalthinkers']"
96,Avicenna,Muslim,1stthrough10thcenturies,"['metaphysicians', 'ethicists']"
97,Lyubov Axelrod,,,
98,Alfred Jules Ayer,,20thcentury,
99,Franz Xaver von Baader,German-language,18thcentury,ethicists
100,Charles Babbage,,18thcentury,
101,Gaston Bachelard,French,19thcentury,
102,Johann Jakob Bachofen,German-language,,
103,Francis Bacon,British,15thand16thcenturies,"['political', 'Indexsociopoliticalthinkers', 'epistemologists', 'ethicists']"
104,Roger Bacon,Catholicandtheologians,11ththrough14thcenturies,
105,Alain Badiou,French,20thcentury,"['metaphysicians', 'ethicists']"
106,Hibat Allah Abu'l-Barakat al-Baghdaadi,,,
107,Abd al-Latif al-Baghdadi,,,
108,Sergio Bagú,,,
109,Annette Baier,,20thcentury,
110,Kurt Baier,,20thcentury,
111,Alexander Bain,British,19thcentury,logicians
112,Karl Friedrich Bahrdt,,,
113,Lynne Rudder Baker,American,20thcentury,metaphysicians
114,Mikhail Bakhtin,Russian,19thcentury,
115,Mikhail Bakunin,Russian,19thcentury,"['political', 'Indexsociopoliticalthinkers', 'politicaltheorists']"
116,Arthur Balfour,,,
117,John Balguy,,17thcentury,
118,Étienne Balibar,French,20thcentury,political
119,Domingo Báñez,Catholicandtheologians,15thand16thcenturies,metaphysicians
120,Antonio Banfi,,,
121,Abraham bar Hiyya Ha-Nasi,,11ththrough14thcenturies,
122,Jonathan Barnes,British,20thcentury,
123,Brian Barry,,20thcentury,
124,Karl Barth,,19thcentury,
125,Roland Barthes,French,20thcentury,"['aestheticians', 'political']"
126,Bartolus de Saxoferrato,,11ththrough14thcenturies,
127,Johann Bernhard Basedow,German-language,,
128,Basilides,,1stthrough10thcenturies,
129,Georges Bataille,French,19thcentury,"['aestheticians', 'Indexsociopoliticalthinkers']"
130,Charles Batteux,French,,
131,Jean Baudrillard,French,20thcentury,political
132,Bruno Bauer,German-language,19thcentury,
133,David Baumgardt,,19thcentury,
134,Alexander Gottlieb Baumgarten,,18thcentury,aestheticians
135,Pierre Bayle,French,17thcentury,
136,Monroe Beardsley,American,20thcentury,aestheticians
137,James Beattie,,18thcentury,
138,"Cesare, Marquis of Beccaria",Italian,18thcentury,
139,Jakob Sigismund Beck,German-language,,
140,Vissarion Belinsky,Russian,19thcentury,aestheticians
141,Robert Bellarmine,Catholicandtheologians,,"['metaphysicians', 'political']"
142,Nuel Belnap,American,20thcentury,logicians
143,Gustave Belot,French,19thcentury,
144,Aaron Ben-Ze'ev,,20thcentury,
145,Dirk Benedict,,,
146,Friedrich Eduard Beneke,German-language,18thcentury,ethicists
147,Walter Benjamin,German-language,19thcentury,"['aestheticians', 'Indexsociopoliticalthinkers', 'political']"
148,Gottfried Benn,,,
149,Jonathan Bennett,British,20thcentury,
150,Jeremy Bentham,British,18thcentury,"['political', 'Indexsociopoliticalthinkers', 'ethicists', 'politicaltheorists']"
151,Richard Bentley,,17thcentury,
152,Nikolai Berdyaev,Russian,19thcentury,metaphysicians
153,Gustav Bergmann,American,20thcentury,
154,Henri Bergson,French,19thcentury,metaphysicians
155,George Berkeley,British,17thcentury,"['metaphysicians', 'epistemologists']"
156,Isaiah Berlin,Russian,20thcentury,"['political', 'Indexsociopoliticalthinkers', 'politicaltheorists']"
157,Claude Bernard,,,
158,Bernard of Chartres,French,11ththrough14thcenturies,
159,Bernard of Clairvaux,Catholicandtheologians,11ththrough14thcenturies,
160,Bernard Silvestris,,11ththrough14thcenturies,
161,François Bernier,French,17thcentury,
162,Eduard Bernstein,,19thcentury,political
163,Ludwig von Bertalanffy,,20thcentury,
164,Bessarion,,,
165,Bhartrhari,TimelineEastern#Japanese,1stthrough10thcenturies,
166,Gabriel Biel,,15thand16thcenturies,
167,Georg Bernhard Bilfinger,,,
168,Alfred Binet,,,
169,Ludwig Binswanger,,,
170,Max Black,American,20thcentury,aestheticians
171,Simon Blackburn,British,20thcentury,
172,William Blackstone,,18thcentury,political
173,Hugh Blair,,18thcentury,
174,William Blake,,18thcentury,
175,Maurice Blanchot,French,20thcentury,"['aestheticians', 'ethicists']"
176,Brand Blanshard,American,19thcentury,
177,Blasius of Parma,,11ththrough14thcenturies,
178,Ernst Bloch,German-language,19thcentury,Indexsociopoliticalthinkers
179,Ned Block,American,20thcentury,
180,Maurice Blondel,French,19thcentury,
181,Charles Blount,,,
182,Norberto Bobbio,Italian,20thcentury,political
183,Jean Bodin,French,15thand16thcenturies,"['political', 'Indexsociopoliticalthinkers']"
184,Anicius Manlius Severinus Boethius,,1stthrough10thcenturies,
185,Boetius of Dacia,,11ththrough14thcenturies,
186,Leonardo Boff,Catholicandtheologians,,
187,Alexander Bogdanov,Russian,19thcentury,
188,Jakob Böhme,,15thand16thcenturies,metaphysicians
189,David Bohm,American,20thcentury,epistemologists
190,Niels Bohr,,19thcentury,
191,Nicolas Boileau-Despréaux,,,
192,Samuel Bold,,17thcentury,
193,"Henry St John, 1st Viscount Bolingbroke",,,
194,Ludwig Boltzmann,German-language,19thcentury,
195,Bernard Bolzano,,18thcentury,logicians
196,Louis Gabriel Ambroise de Bonald,,18thcentury,
197,Francesco Bonatelli,,,
198,Bonaventure,Italian,11ththrough14thcenturies,metaphysicians
199,Dietrich Bonhoeffer,,20thcentury,ethicists
200,Charles Bonnet,,18thcentury,
201,George Boole,British,19thcentury,"['logicians', 'ethicists']"
202,Amadeo Bordiga,,,
203,Bernard Bosanquet,,19thcentury,
204,Rudjer Boscovich,,18thcentury,
205,Pierre Bourdieu,French,20thcentury,Indexsociopoliticalthinkers
206,Jacques-Bénigne Bossuet,,,
207,Christopher Jacob Boström,,,
208,Henri de Boulainvilliers,,,
209,Emile Boutroux,,19thcentury,
210,Oets Kolk Bouwsma,American,19thcentury,
211,Borden Parker Bowne,American,19thcentury,
212,Robert Boyle,,17thcentury,
213,F. H. Bradley,British,19thcentury,
214,Thomas Bradwardine,,11ththrough14thcenturies,logicians
215,Richard-Bevan Braithwaite,,20thcentury,
216,Richard B. Brandt,,20thcentury,
217,Franz Brentano,German-language,19thcentury,
218,Percy Williams Bridgman,,19thcentury,
219,Edgar S. Brightman,,19thcentury,
220,Jean Anthelme Brillat-Savarin,,18thcentury,aestheticians
221,Richard Brinkley,,11ththrough14thcenturies,logicians
222,Radulphus Brito,,11ththrough14thcenturies,
223,C. D. Broad,British,19thcentury,
224,David H.M. Brooks,,,
225,Thom Brooks,,20thcentury,
226,Luitzen Egbertus Jan Brouwer,,19thcentury,logicians
227,Thomas Brown,,18thcentury,
228,Peter Browne,,17thcentury,
229,Orestes Brownson,Catholicandtheologians,19thcentury,
230,Emil Brunner,,19thcentury,
231,Giordano Bruno,Italian,15thand16thcenturies,
232,Leon Brunschvicg,,19thcentury,
233,"James Bryce, 1st Viscount Bryce",,19thcentury,
234,Martin Buber,German-language,19thcentury,"['political', 'ethicists']"
235,Justus Buchler,American,20thcentury,
236,Ludwig Büchner,German-language,19thcentury,
237,Henry Thomas Buckle,,,
238,Malcolm Budd,British,,
239,Johann Franz Buddeus,,,
240,Buddhaghosa,TimelineEastern#Japanese,1stthrough10thcenturies,
241,Claude Buffier,French,17thcentury,
242,"Georges-Louis Leclerc, Comte de Buffon",,18thcentury,
243,Nikolai Bukharin,,,
244,Sergei Nikolaevich Bulgakov,,19thcentury,
245,Edward Bullough,,,
246,Rudolf Bultmann,,19thcentury,
247,Mario Bunge,Canadian,20thcentury,"['Indexsociopoliticalthinkers', 'epistemologists', 'ethicists']"
248,Jacob Burckhardt,,19thcentury,
249,Tyler Burge,American,20thcentury,
250,Jean Buridan,French,11ththrough14thcenturies,"['logicians', 'metaphysicians']"
251,Edmund Burke,,18thcentury,"['aestheticians', 'Indexsociopoliticalthinkers', 'political', 'politicaltheorists']"
252,Walter Burley,,11ththrough14thcenturies,logicians
253,Myles Frederic Burnyeat,,,
254,Richard Burthogge,,17thcentury,
255,Joseph Butler,,17thcentury,
256,Judith Butler,American,20thcentury,"['political', 'Indexsociopoliticalthinkers', 'epistemologists', 'ethicists']"
257,Samuel Butler,,19thcentury,
258,Pierre Jean George Cabanis,,18thcentury,
259,Amílcar Cabral,,20thcentury,
260,Edward Caird,,19thcentury,
261,Dorion Cairns,,,
262,Thomas Cajetan,Italian,15thand16thcenturies,"['metaphysicians', 'political']"
263,Calcidius,,1stthrough10thcenturies,
264,Mario Calderoni,,,
265,Callicles,ancientGreek,centuriesBC,
266,John Calvin,,15thand16thcenturies,political
267,Tommaso Campanella,Italian,15thand16thcenturies,
268,George Campbell,,18thcentury,
269,Norman Robert Campbell,,19thcentury,
270,Albert Camus,French,20thcentury,"['political', 'ethicists']"
271,Georges Canguilhem,French,20thcentury,
272,Georg Cantor,,19thcentury,
273,Ángel Cappelletti,,,
274,Johannes Capreolus,,,
275,Claudia Card,American,20thcentury,
276,Gerolamo Cardano,,15thand16thcenturies,
277,Thomas Carlyle,,18thcentury,political
278,Gershom Carmichael,,17thcentury,
279,Rudolf Carnap,German-language,19thcentury,logicians
280,Carneades,ancientGreek,centuriesBC,
281,Edward Carpenter,,,
282,Lewis Carroll,,19thcentury,logicians
283,Nancy Cartwright,,20thcentury,Indexsociopoliticalthinkers
284,Carl Gustav Carus,,,
285,Paul Carus,American,19thcentury,
286,Antonio Caso,,,
287,Ernst Cassirer,German-language,19thcentury,
288,Hector-Neri Castañeda,,20thcentury,
289,Cornelius Castoriadis,French,20thcentury,"['political', 'Indexsociopoliticalthinkers', 'politicaltheorists']"
290,Carlo Cattaneo,Italian,19thcentury,
291,Jean Cavaillès,French,20thcentury,
292,Stanley Cavell,American,20thcentury,aestheticians
293,Margaret Cavendish,,17thcentury,
294,Celsus of Alexandria,,1stthrough10thcenturies,
295,Michel de Certeau,Catholicandtheologians,20thcentury,
296,Pyotr Chaadaev,,,
297,Houston Stewart Chamberlain,,,Indexsociopoliticalthinkers
298,Chanakya,TimelineEastern#Japanese,centuriesBC,"['logicians', 'political', 'Indexsociopoliticalthinkers', 'politicaltheorists']"
299,Chang Hsueh-ch'eng,,18thcentury,
300,Chang Tsai,TimelineEastern#Japanese,11ththrough14thcenturies,
301,William Ellery Channing,,,
302,Walter Charleton,,17thcentury,
303,Pierre Charron,French,15thand16thcenturies,
304,François-René de Chateaubriand,,,
305,Walter Chatton,,11ththrough14thcenturies,
306,Ch'en Hsien-chang,TimelineEastern#Japanese,15thand16thcenturies,
307,Cheng Hao,TimelineEastern#Japanese,11ththrough14thcenturies,Indexsociopoliticalthinkers
308,Cheng Hsuan,,1stthrough10thcenturies,
309,Cheng Yi,TimelineEastern#Japanese,11ththrough14thcenturies,Indexsociopoliticalthinkers
310,Nikolai Chernyshevsky,,19thcentury,
311,Chia Yi,,centuriesBC,
312,Chiao Hung,TimelineEastern#Japanese,15thand16thcenturies,
313,Boris Chicherin,Russian,,
314,Ch'ien Mu,TimelineEastern#Japanese,19thcentury,
315,Chih Tun,,1stthrough10thcenturies,
316,William Chillingworth,,17thcentury,
317,Roderick Chisholm,American,20thcentury,metaphysicians
318,Noam Chomsky,American,20thcentury,"['Indexsociopoliticalthinkers', 'ethicists', 'politicaltheorists', 'epistemologists', 'political']"
319,Tasan Chông Yagyong,,18thcentury,
320,Chou Tun-Yi,,11ththrough14thcenturies,
321,Christine de Pizan,,11ththrough14thcenturies,political
322,Chrysippus,ancientGreek,centuriesBC,logicians
323,Thomas Chubb,,,
324,Alonzo Church,,20thcentury,logicians
325,Patricia Churchland,Canadian,20thcentury,
326,Paul Churchland,Canadian,20thcentury,
327,Leon Chwistek,,19thcentury,logicians
328,Cicero,Italian,centuriesBC,"['metaphysicians', 'political', 'Indexsociopoliticalthinkers', 'politicaltheorists']"
329,August Cieszkowski,,19thcentury,
330,Emil Cioran,Romanian,20thcentury,
331,Hélène Cixous,,20thcentury,
332,Clarembald of Arras,,11ththrough14thcenturies,
333,Samuel Clarke,,17thcentury,
334,Johannes Clauberg,,17thcentury,
335,Cleanthes,ancientGreek,centuriesBC,metaphysicians
336,Clement of Alexandria,Catholicandtheologians,1stthrough10thcenturies,
337,Catherine Clément,French,,
338,Cleomedes,ancientGreek,1stthrough10thcenturies,
339,William Kingdon Clifford,,19thcentury,
340,Catherine Trotter Cockburn,British,17thcentury,
341,Lorraine Code,Canadian,20thcentury,
342,G.A. Cohen,Canadian,,
343,Hermann Cohen,German-language,19thcentury,
344,L. Jonathan Cohen,,20thcentury,
345,Morris Raphael Cohen,,,
346,Samuel Taylor Coleridge,,18thcentury,
347,John Colet,,,
348,Lucio Colletti,Italian,20thcentury,
349,Arthur Collier,,17thcentury,
350,R. G. Collingwood,British,19thcentury,aestheticians
351,Anthony Collins,,17thcentury,
352,John Comenius,,15thand16thcenturies,
353,Auguste Comte,French,18thcentury,political
354,Étienne Bonnot de Condillac,French,18thcentury,
355,Marquis de Condorcet,,18thcentury,
356,Confucius,TimelineEastern#Japanese,centuriesBC,"['political', 'Indexsociopoliticalthinkers', 'ethicists', 'politicaltheorists']"
357,Benjamin Constant,French,18thcentury,political
358,Lady Anne Finch Conway,,17thcentury,
359,Anna J. Cooper,,,
360,Nicolaus Copernicus,Catholicandtheologians,15thand16thcenturies,
361,Henry Corbin,Muslim,20thcentury,
362,Geraud de Cordemoy,,17thcentury,
363,Moses ben Jacob Cordovero,,,
364,Carlos Cossio,,,
365,Newton da Costa,,20thcentury,logicians
366,Uriel da Costa,,,
367,Antoine Augustin Cournot,,19thcentury,
368,Victor Cousin,French,18thcentury,aestheticians
369,Carlos Nelson Coutinho,,,
370,Louis Couturat,French,19thcentury,
371,William Crathorn,,11ththrough14thcenturies,
372,Cratylus,ancientGreek,ancientGreek,
373,James Edwin Creighton,American,19thcentury,
374,Hasdai Crescas,,11ththrough14thcenturies,
375,Benedetto Croce,Italian,19thcentury,"['aestheticians', 'political']"
376,Alexander Crummell,,,
377,Christian August Crusius,German-language,18thcentury,
378,Ralph Cudworth,British,17thcentury,
379,Nathaniel Culverwel,British,17thcentury,
380,Richard Cumberland,,17thcentury,
381,Cyrano de Bergerac,,,
382,Heinrich Czolbe,German-language,19thcentury,
383,Jean le Rond d'Alembert,,18thcentury,
384,Damascius,ancientGreek,1stthrough10thcenturies,
385,Peter Damian,,,
386,Hubert Damisch,French,,
387,Arthur Danto,American,20thcentury,aestheticians
388,Charles Darwin,,19thcentury,
389,Erasmus Darwin,,,
390,David of Dinant,,11ththrough14thcenturies,
391,David the Invincible,,1stthrough10thcenturies,
392,Donald Davidson,American,20thcentury,
393,Angela Davis,,20thcentury,
394,Jalal al-Din al-Dawani,,15thand16thcenturies,
395,Simone de Beauvoir,French,20thcentury,epistemologists
396,Bruno de Finetti,,20thcentury,
397,Joseph de Maistre,Catholicandtheologians,18thcentury,politicaltheorists
398,Paul de Man,,20thcentury,
399,Augustus De Morgan,British,19thcentury,logicians
400,Francesco de Sanctis,Italian,19thcentury,
401,Guy Debord,,20thcentury,"['political', 'Indexsociopoliticalthinkers']"
402,Régis Debray,,,
403,Richard Dedekind,,19thcentury,
404,Joseph Déjacque,,,political
405,Gilles Deleuze,French,20thcentury,"['metaphysicians', 'political', 'epistemologists']"
406,Bernard Delfgaauw,,20thcentury,
407,Elijah Delmedigo,,15thand16thcenturies,
408,Giorgio Del Vecchio,,,Indexsociopoliticalthinkers
409,Democritus,ancientGreek,centuriesBC,"['metaphysicians', 'Indexsociopoliticalthinkers']"
410,Daniel Dennett,American,20thcentury,
411,Denys the Carthusian,,15thand16thcenturies,
412,Jacques Derrida,French,20thcentury,aestheticians
413,René Descartes,French,15thand16thcenturies,"['metaphysicians', 'epistemologists']"
414,Vincent Descombes,French,20thcentury,
415,Robert Desgabets,,17thcentury,
416,Antoine Destutt de Tracy,,,
417,Paul Deussen,,19thcentury,
418,Alejandro Deustua,,,
419,John Dewey,American,19thcentury,"['aestheticians', 'political']"
420,Dharmakirti,TimelineEastern#Japanese,1stthrough10thcenturies,logicians
421,Albert Venn Dicey,,19thcentury,
422,Denis Diderot,French,18thcentury,
423,Dietrich of Freiberg,,11ththrough14thcenturies,
424,Joseph Dietzgen,,,
425,Kenelm Digby,,17thcentury,
426,Dignaga,,1stthrough10thcenturies,
427,Wilhelm Dilthey,German-language,19thcentury,Indexsociopoliticalthinkers
428,Hugo Dingler,,19thcentury,
429,Diodorus Cronus,ancientGreek,centuriesBC,logicians
430,Diogenes Laërtius,,1stthrough10thcenturies,
431,Diogenes of Apollonia,ancientGreek,ancientGreek,
432,Diogenes of Babylon,ancientGreek,ancientGreek,
433,Diogenes of Oenoanda,ancientGreek,1stthrough10thcenturies,
434,Diogenes the Cynic of Sinope,,centuriesBC,
435,Dogen Zenji,,,
436,Dong Zhongshu,TimelineEastern#Japanese,centuriesBC,Indexsociopoliticalthinkers
437,Herman Dooyeweerd,,19thcentury,political
438,Fyodor Dostoyevsky,Russian,,
439,Frederick Douglass,,,
440,Fred Dretske,American,20thcentury,epistemologists
441,Hans Adolf Eduard Driesch,,19thcentury,
442,W. E. B. Du Bois,,,
443,Emil du Bois-Reymond,,19thcentury,
444,Jean-Baptiste Dubos,,,
445,Émilie du Châtelet,,18thcentury,
446,Guillaume du Vair,,15thand16thcenturies,
447,Curt Ducasse,,19thcentury,
448,Pierre Duhem,,19thcentury,
449,Eugen Dühring,German-language,19thcentury,
450,Michael Dummett,Catholicandtheologians,20thcentury,
451,Raya Dunayevskaya,,20thcentury,"['Indexsociopoliticalthinkers', 'politicaltheorists']"
452,James Dunbar,,,
453,Duns Scotus,British,11ththrough14thcenturies,metaphysicians
454,Profiat Duran,,11ththrough14thcenturies,
455,Simeon ben Zemah Duran,,11ththrough14thcenturies,
456,Durandus of St. Pourçain,,11ththrough14thcenturies,
457,Will Durant,American,,
458,Émile Durkheim,,19thcentury,
459,Enrique Dussel,,,Indexsociopoliticalthinkers
460,Ronald Dworkin,American,20thcentury,"['political', 'Indexsociopoliticalthinkers', 'ethicists', 'politicaltheorists']"
461,Jonathan Earle,,,
462,John Earman,American,20thcentury,
463,Johann Augustus Eberhard,German-language,18thcentury,
464,Meister Eckhart,Catholicandtheologians,11ththrough14thcenturies,metaphysicians
465,Umberto Eco,Italian,20thcentury,aestheticians
466,Arthur Stanley Eddington,,,
467,Jonathan Edwards,American,18thcentury,aestheticians
468,Paul Edwards,American,20thcentury,
469,Christian von Ehrenfels,,19thcentury,
470,Albert Einstein,German-language,19thcentury,
471,Mircea Eliade,Romanian,20thcentury,
472,Elias,,1stthrough10thcenturies,
473,George Eliot,,19thcentury,
474,T. S. Eliot,,,
475,Elisabeth of Bohemia,,17thcentury,
476,Jon Elster,,20thcentury,
477,Ralph Waldo Emerson,American,19thcentury,aestheticians
478,Empedocles,Italian,centuriesBC,metaphysicians
479,Friedrich Engels,German-language,19thcentury,"['political', 'Indexsociopoliticalthinkers', 'politicaltheorists']"
480,Epicharmus,,centuriesBC,
481,Epictetus,ancientGreek,1stthrough10thcenturies,
482,Epicurus,ancientGreek,centuriesBC,"['metaphysicians', 'ethicists']"
483,Desiderius Erasmus,Catholicandtheologians,15thand16thcenturies,
484,Johannes Scotus Eriugena,,1stthrough10thcenturies,
485,Rudolf Christoph Eucken,,19thcentury,ethicists
486,Eudoxus of Cnidus,ancientGreek,centuriesBC,
487,Eusebius of Caesarea,,1stthrough10thcenturies,
488,Gareth Evans,British,20thcentury,
489,Emil Fackenheim,,20thcentury,
490,Thome H. Fang,,19thcentury,
491,Frantz Fanon,French,20thcentury,"['political', 'politicaltheorists']"
492,Al-Farabi,Muslim,1stthrough10thcenturies,"['metaphysicians', 'political']"
493,Michael Faraday,,,
494,Michelangelo Fardella,,17thcentury,
495,Raimundo de Farias Brito,,,
496,Austin Marsden Farrer,,20thcentury,
497,Fazang,TimelineEastern#Japanese,1stthrough10thcenturies,
498,Gustav Fechner,German-language,19thcentury,
499,Andrew Feenberg,,20thcentury,
500,Herbert Feigl,,20thcentury,
501,Joel Feinberg,American,20thcentury,
502,José Pablo Feinmann,,,
503,Valentin Feldman,,,aestheticians
504,Margaret Fell,,,
505,François de Salignac de la Mothe-Fénelon,,17thcentury,
506,Feng Youlan,TimelineEastern#Japanese,19thcentury,
507,Adam Ferguson,,18thcentury,
508,Ann Ferguson,,20thcentury,
509,Jose Ferrater-Mora,,,
510,Luigi Ferri,Italian,,
511,James Frederick Ferrier,,19thcentury,epistemologists
512,Ludwig Feuerbach,,19thcentury,
513,Paul Feyerabend,,20thcentury,
514,Johann Gottlieb Fichte,German-language,18thcentury,
515,Marsilio Ficino,Italian,15thand16thcenturies,
516,Hartry Field,American,20thcentury,logicians
517,Robert Filmer,,15thand16thcenturies,
518,J. N. Findlay,,20thcentury,
519,Eugen Fink,,20thcentury,
520,John Finnis,Catholicandtheologians,20thcentury,"['Indexsociopoliticalthinkers', 'ethicists']"
521,Kuno Fischer,,19thcentury,
522,Ronald Fisher,,,
523,John Fiske,American,19thcentury,
524,Richard FitzRalph,,,
525,Ludwik Fleck,,,
526,Pavel Aleksandrovich Florenskii,,19thcentury,
527,Georges Florovsky,Russian,19thcentury,
528,Robert Fludd,,15thand16thcenturies,
529,Jerry Fodor,American,20thcentury,epistemologists
530,Robert J. Fogelin,,,
531,Dagfinn Føllesdal,,20thcentury,
532,Benjamin Fondane,,,
533,Pedro da Fonseca,,15thand16thcenturies,
534,Bernard le Bovier de Fontenelle,,17thcentury,
535,Philippa Foot,British,20thcentury,ethicists
536,David Fordyce,,18thcentury,
537,Michel Foucault,French,20thcentury,"['aestheticians', 'Indexsociopoliticalthinkers', 'political']"
538,Simon Foucher,French,17thcentury,
539,Alfred Fouillée,French,,
540,Charles Fourier,French,18thcentury,political
541,Francis of Marchia,,11ththrough14thcenturies,
542,Francis of Meyronnes,,11ththrough14thcenturies,
543,Sebastian Franck,,,
544,Jerome Frank,,19thcentury,
545,Erich Frank,,,
546,Semën Liudvigovich Frank,,19thcentury,
547,William K. Frankena,,20thcentury,ethicists
548,Harry Gordon Frankfurt,,,
549,Benjamin Franklin,,18thcentury,"['political', 'politicaltheorists']"
550,Michael Frede,,20thcentury,
551,Gottlob Frege,German-language,19thcentury,"['logicians', 'metaphysicians']"
552,Hans Frei,,,
553,Paulo Freire,,,
554,Sigmund Freud,,19thcentury,
555,Jakob Friedrich Fries,German-language,18thcentury,
556,Friedrich Fröbel,,,
557,Erich Fromm,American,20thcentury,"['political', 'ethicists', 'politicaltheorists']"
558,Marilyn Frye,American,20thcentury,
559,Fujiwara Seika,TimelineEastern#Japanese,15thand16thcenturies,Indexsociopoliticalthinkers
560,Lon L. Fuller,,20thcentury,Indexsociopoliticalthinkers
561,Richard Fumerton,Canadian,,epistemologists
562,Nikolai Fyodorovich Fyodorov,,19thcentury,
563,Gadadhara Bhattacharya,TimelineEastern#Japanese,17thcentury,
564,Hans-Georg Gadamer,German-language,20thcentury,aestheticians
565,Muammar Gaddafi,,,politicaltheorists
566,Gaius,,,
567,Galen,,1stthrough10thcenturies,
568,Galileo Galilei,Catholicandtheologians,15thand16thcenturies,
569,Pasquale Galluppi,Italian,,
570,Rafael Gambra Ciudad,,,
571,Mahatma Gandhi,TimelineEastern#Japanese,19thcentury,
572,Gangeśa,,11ththrough14thcenturies,
573,Réginald Garrigou-Lagrange,,19thcentury,
574,Christian Garve,,,
575,Pierre Gassendi,French,15thand16thcenturies,
576,Marcel Gauchet,French,,
577,Gaunilo,,,
578,Aksapada Gautama,TimelineEastern#Japanese,,
579,Siddhartha Gautama,TimelineEastern#Japanese,,
580,David Gauthier,Canadian,20thcentury,ethicists
581,John Gay,,17thcentury,
582,Peter Geach,Catholicandtheologians,20thcentury,"['logicians', 'metaphysicians']"
583,Arnold Gehlen,German-language,20thcentury,
584,Antonio Genovesi,Italian,,
585,Giovanni Gentile,Italian,19thcentury,political
586,Gerhard Gentzen,,20thcentury,logicians
587,George of Trebizond,,11ththrough14thcenturies,
588,Gerard of Cremona,,11ththrough14thcenturies,
589,Gerard of Odo,,11ththrough14thcenturies,
590,Alexander Gerard,,18thcentury,aestheticians
591,Gerbert of Aurillac,,1stthrough10thcenturies,
592,Giacinto Sigismondo Gerdil,,18thcentury,
593,Jean Gerson,Catholicandtheologians,11ththrough14thcenturies,
594,Gersonides,,11ththrough14thcenturies,
595,Edmund Gettier,American,20thcentury,epistemologists
596,Arnold Geulincx,,17thcentury,
597,Alan Gewirth,American,20thcentury,ethicists
598,Joseph Geyser,,,
599,Al-Ghazali,Muslim,11ththrough14thcenturies,"['metaphysicians', 'political', 'Indexsociopoliticalthinkers', 'ethicists']"
600,Allan Gibbard,American,20thcentury,ethicists
601,Edward Gibbon,,,
602,Josiah Gibbs,,,
603,Gilbert of Poitiers,,11ththrough14thcenturies,
604,Giles of Rome,Catholicandtheologians,11ththrough14thcenturies,metaphysicians
605,Étienne Gilson,French,19thcentury,metaphysicians
606,Asher Ginsberg,,19thcentury,
607,Vincenzo Gioberti,Italian,19thcentury,
608,Joseph Glanvill,,17thcentury,
609,Jonathan Glover,British,20thcentury,
610,Arthur de Gobineau,,19thcentury,
611,Rudolph Goclenius,,15thand16thcenturies,
612,Kurt Gödel,German-language,20thcentury,logicians
613,Godfrey of Fontaines,Catholicandtheologians,11ththrough14thcenturies,
614,William Godwin,British,18thcentury,"['political', 'politicaltheorists']"
615,Johann Wolfgang Goethe,,,
616,Friedrich Gogarten,,,
617,Alvin Goldman,American,20thcentury,epistemologists
618,Lucien Goldmann,French,20thcentury,
619,Gongsun Longzi,TimelineEastern#Japanese,centuriesBC,
620,Nelson Goodman,American,20thcentury,"['metaphysicians', 'aestheticians', 'epistemologists']"
621,Gorampa,TimelineEastern#Japanese,,
622,Gorgias,Italian,centuriesBC,
623,André Gorz,French,20thcentury,
624,Johann Christoph Gottsched,German-language,,
625,Marie de Gournay,,,
626,Baltasar Gracián y Morales,,17thcentury,
627,Antonio Gramsci,Italian,19thcentury,"['political', 'politicaltheorists']"
628,Asa Gray,,,
629,John Gray,,20thcentury,
630,Hilary Greaves,,20thcentury,
631,Thomas Hill Green,British,19thcentury,"['political', 'Indexsociopoliticalthinkers', 'ethicists']"
632,Pope Gregory I,Catholicandtheologians,1stthrough10thcenturies,
633,Gregory of Nazianzus,,,
634,Gregory of Nyssa,Catholicandtheologians,1stthrough10thcenturies,
635,Gregory of Rimini,,11ththrough14thcenturies,
636,Herbert Paul Grice,,20thcentury,
637,James Griffin,,20thcentury,
638,Germain Grisez,Catholicandtheologians,20thcentury,
639,Robert Grosseteste,Catholicandtheologians,11ththrough14thcenturies,
640,Reinhardt Grossmann,,,
641,John Grote,British,19thcentury,
642,Hugo Grotius,,15thand16thcenturies,"['political', 'Indexsociopoliticalthinkers', 'ethicists', 'politicaltheorists']"
643,Adolf Grunbaum,,,
644,Karl Grün,,,
645,Guan Zhong,TimelineEastern#Japanese,centuriesBC,
646,Félix Guattari,French,20thcentury,"['political', 'Indexsociopoliticalthinkers']"
647,"Ernesto ""Che"" Guevara",,,
648,Guo Xiang,TimelineEastern#Japanese,,
649,Edmund Gurney,,19thcentury,aestheticians
650,Aron Gurwitsch,,20thcentury,
651,Susan Haack,British,20thcentury,"['logicians', 'epistemologists']"
652,Jürgen Habermas,German-language,20thcentury,"['political', 'Indexsociopoliticalthinkers', 'ethicists', 'politicaltheorists']"
653,Ian Hacking,Canadian,20thcentury,
654,Ernst Haeckel,German-language,19thcentury,
655,Axel Anders Theodor Hagerstrom,,,
656,Yehuda Halevi,,11ththrough14thcenturies,
657,Johann Georg Hamann,German-language,18thcentury,
658,Octave Hamelin,French,,
659,Sir William Hamilton,,18thcentury,
660,David Walter Hamlyn,,,
661,Stuart Hampshire,,20thcentury,
662,Hassan Hanafi,,,
663,Han Feizi,TimelineEastern#Japanese,centuriesBC,political
664,Han Wonjin,Korean,17thcentury,
665,Han Yu,TimelineEastern#Japanese,1stthrough10thcenturies,
666,Alastair Hannay,,20thcentury,
667,Eduard Hanslick,,19thcentury,aestheticians
668,Norwood Russell Hanson,American,20thcentury,
669,Sandra Harding,American,20thcentury,epistemologists
670,Michael Hardt,,20thcentury,political
671,R. M. Hare,British,20thcentury,ethicists
672,Gilbert Harman,American,20thcentury,"['epistemologists', 'ethicists']"
673,Adolf von Harnack,,,
674,James Harrington,,17thcentury,political
675,William Torrey Harris,American,19thcentury,
676,H. L. A. Hart,,20thcentury,Indexsociopoliticalthinkers
677,David Hartley,,18thcentury,
678,Eduard Von Hartmann,,19thcentury,
679,Nicolai Hartmann,German-language,19thcentury,metaphysicians
680,Charles Hartshorne,American,19thcentury,
681,William Harvey,,,
682,Seiichi Hatano,,,
683,Hayashi Razan,,,Indexsociopoliticalthinkers
684,Friedrich Hayek,,19thcentury,"['political', 'Indexsociopoliticalthinkers', 'politicaltheorists']"
685,William Hazlitt,,18thcentury,
686,Christian Friedrich Hebbel,,,
687,G.W.F. Hegel,,18thcentury,epistemologists
688,Martin Heidegger,German-language,19thcentury,"['metaphysicians', 'political', 'ethicists']"
689,Carl Heim,,,
690,Werner Heisenberg,,20thcentury,
691,Virginia Held,,20thcentury,
692,Ágnes Heller,,20thcentury,
693,Hermann von Helmholtz,,19thcentury,
694,Franciscus Mercurius van Helmont,,17thcentury,
695,Claude Adrien Helvétius,,18thcentury,ethicists
696,Carl Gustav Hempel,German-language,20thcentury,
697,Frans Hemsterhuis,,,
698,Henricus Regius,,15thand16thcenturies,
699,Henry of Ghent,Catholicandtheologians,11ththrough14thcenturies,
700,Henry of Harclay,,11ththrough14thcenturies,
701,Michel Henry,French,20thcentury,
702,Ronald William Hepburn,,,
703,Heraclides Ponticus,ancientGreek,centuriesBC,
704,Heraclitus of Ephesus,,centuriesBC,
705,Johann Friedrich Herbart,German-language,18thcentury,"['aestheticians', 'ethicists']"
706,"Edward Herbert, 1st Baron Herbert of Cherbury",,15thand16thcenturies,
707,Johann Gottfried Herder,,18thcentury,aestheticians
708,Abraham Cohen de Herrera,,15thand16thcenturies,
709,John Herschel,,18thcentury,
710,Heinrich Rudolf Hertz,German-language,19thcentury,
711,Hervaeus Natalis,,11ththrough14thcenturies,
712,Alexander Herzen,Russian,19thcentury,
713,Abraham Joshua Heschel,,20thcentury,"['Indexsociopoliticalthinkers', 'ethicists']"
714,Hesiod,,,
715,Moses Hess,German-language,19thcentury,
716,Sergei Iosifovich Hessen,,,
717,William of Heytesbury,,11ththrough14thcenturies,
718,John Hick,British,20thcentury,
719,Laurens Perseus Hickok,American,18thcentury,
720,Hierocles the Stoic,,1stthrough10thcenturies,
721,David Hilbert,German-language,19thcentury,logicians
722,Hildegard of Bingen,Catholicandtheologians,11ththrough14thcenturies,
723,Hillel ben Samuel of Verona,,11ththrough14thcenturies,
724,Hermann Friedrich Wilhelm Hinrichs,,18thcentury,
725,Jaakko Hintikka,Finnish,20thcentury,logicians
726,Hippias,ancientGreek,centuriesBC,
727,Hippocrates,,centuriesBC,
728,Ho Yen,,1stthrough10thcenturies,
729,Thomas Hobbes,British,15thand16thcenturies,"['Indexsociopoliticalthinkers', 'ethicists', 'politicaltheorists', 'epistemologists', 'political']"
730,Leonard Trelawny Hobhouse,,19thcentury,
731,William Ernest Hocking,American,19thcentury,
732,Shadworth Hodgson,,19thcentury,metaphysicians
733,Harald Høffding,,19thcentury,
734,Wesley Newcomb Hohfeld,,19thcentury,Indexsociopoliticalthinkers
735,Baron d'Holbach,,18thcentury,
736,Robert Holcot,,11ththrough14thcenturies,
737,Friedrich Hölderlin,,18thcentury,
738,John Holloway (sociologist),,,
739,"Oliver Wendell Holmes, Jr.",,19thcentury,Indexsociopoliticalthinkers
740,Edwin Holt,,,
741,"Henry Home, Lord Kames",,,Indexsociopoliticalthinkers
742,Homer,,,
743,Richard Hönigswald,German-language,,
744,Sidney Hook,American,20thcentury,
745,Brad Hooker,,20thcentury,
746,Richard Hooker,,15thand16thcenturies,political
747,Max Horkheimer,German-language,19thcentury,"['political', 'Indexsociopoliticalthinkers']"
748,Jennifer Hornsby,British,20thcentury,
749,Paul Horwich,British,20thcentury,
750,George Howison,,,
751,Hsi K'ang,,1stthrough10thcenturies,
752,Hsiung Shih-li,,19thcentury,
753,Hsu Fu-kuan,,20thcentury,
754,Hsu Hsing,,centuriesBC,
755,Hu Hung,,11ththrough14thcenturies,
756,Hu Shih,TimelineEastern#Japanese,19thcentury,
757,Huai Nun Tzu,,centuriesBC,
758,Huang Zongxi,TimelineEastern#Japanese,17thcentury,
759,Pierre Daniel Huet,,17thcentury,
760,Friedrich von Hügel,,,
761,Hugh of St Victor,,11ththrough14thcenturies,
762,Hui Shi,TimelineEastern#Japanese,centuriesBC,logicians
763,Wilhelm von Humboldt,German-language,18thcentury,
764,David Hume,British,18thcentury,"['Indexsociopoliticalthinkers', 'ethicists', 'epistemologists', 'political', 'aestheticians']"
765,Jan Hus,,11ththrough14thcenturies,
766,Edmund Husserl,German-language,19thcentury,
767,Francis Hutcheson,British,17thcentury,"['aestheticians', 'ethicists']"
768,James Hutton,,,
769,Thomas Henry Huxley,,19thcentury,ethicists
770,Christiaan Huygens,,17thcentury,
771,Hypatia of Alexandria,ancientGreek,1stthrough10thcenturies,
772,Jean Hyppolite,French,20thcentury,
773,Iamblichus,ancientGreek,1stthrough10thcenturies,metaphysicians
774,Yahya ibn Adi,,1stthrough10thcenturies,
775,Ibn Arabi,Muslim,11ththrough14thcenturies,metaphysicians
776,Ibn ar-Rawandi,,1stthrough10thcenturies,
777,Ibn Bajjah,,11ththrough14thcenturies,
778,Ibn Daud,,11ththrough14thcenturies,
779,Abraham ibn Ezra,,11ththrough14thcenturies,
780,Moses ibn Ezra,,11ththrough14thcenturies,
781,Ibn Falaquera,,,
782,Solomon Ibn Gabirol,,11ththrough14thcenturies,
783,Ibn Hazm,,1stthrough10thcenturies,
784,Ibn Kammuna,,11ththrough14thcenturies,
785,Ibn Khaldun,Muslim,11ththrough14thcenturies,political
786,Ibn Masarra,,1stthrough10thcenturies,
787,Ibn Miskawayh,Iranian,1stthrough10thcenturies,
788,Bahya ibn Paquda,,11ththrough14thcenturies,ethicists
789,Ibn Sabin,Muslim,11ththrough14thcenturies,
790,Ibn Taymiya,,11ththrough14thcenturies,
791,Samuel ibn Tibbon,,,
792,Ibn Tufail,Muslim,11ththrough14thcenturies,
793,Joseph ibn Tzaddik,,,
794,Ivan Aleksandrovich Il'in,,19thcentury,
795,Evald Vassilievich Ilyenkov,,20thcentury,
796,Immanuel the Roman,,11ththrough14thcenturies,
797,Roman Ingarden,German-language,19thcentury,
798,William Ralph Inge,,19thcentury,
799,José Ingenieros,,,
800,Nae Ionescu,Romanian,,
801,Muhammad Iqbal,Muslim,19thcentury,"['political', 'Indexsociopoliticalthinkers', 'politicaltheorists']"
802,Luce Irigaray,French,20thcentury,
803,Terence Irwin,,20thcentury,
804,Isocrates,,centuriesBC,
805,Isaac of Stella,,,
806,Isaac Israeli,,,
807,Ito Jinsai,,17thcentury,
808,Vyacheslav Ivanovich Ivanov,,,
809,Frank Jackson,,20thcentury,
810,Friedrich Heinrich Jacobi,German-language,18thcentury,
811,Franz Jakubowski,,,
812,James of Viterbo,Catholicandtheologians,11ththrough14thcenturies,
813,Henry James Sr.,,19thcentury,
814,William James,American,19thcentury,Indexsociopoliticalthinkers
815,Fredric Jameson,American,20thcentury,political
816,Vladimir Jankélévitch,French,,
817,Karl Jaspers,German-language,19thcentury,
818,Jayarāśi Bhaṭṭa,Indian,,
819,James Hopwood Jeans,,,
820,Thomas Jefferson,American,18thcentury,political
821,Richard C. Jeffrey,,20thcentury,
822,William Stanley Jevons,,19thcentury,logicians
823,Rudolf von Jhering,,19thcentury,
824,Jinul,Korean,11ththrough14thcenturies,
825,Joachim of Fiore,,11ththrough14thcenturies,
826,Friedrich Jodl,,,
827,John of Damascus,Catholicandtheologians,1stthrough10thcenturies,
828,John of Jandun,,11ththrough14thcenturies,
829,John of La Rochelle,,11ththrough14thcenturies,
830,John of Mirecourt,,11ththrough14thcenturies,
831,John of Paris,,11ththrough14thcenturies,
832,John of Salisbury,,11ththrough14thcenturies,
833,John of St. Thomas,,15thand16thcenturies,"['logicians', 'metaphysicians']"
834,John of the Cross,Catholicandtheologians,,
835,Alexander Bryan Johnson,American,18thcentury,
836,Samuel Johnson,,17thcentury,
837,Samuel Johnson,,17thcentury,
838,Samuel Johnson,,17thcentury,
839,William Ernest Johnson,,19thcentury,logicians
840,Constance Jones,,,
841,Jørgen Jørgensen,,19thcentury,
842,Théodore Simon Jouffroy,French,18thcentury,ethicists
843,Judah ben Moses of Rome,,11ththrough14thcenturies,
844,Carl Jung,,19thcentury,
845,Ernst Jünger,,19thcentury,
846,Joachim Jungius,,15thand16thcenturies,logicians
847,Justinian I,,1stthrough10thcenturies,
848,Al-Juwayni,,,
849,Franz Kafka,,,
850,Kaibara Ekiken,,17thcentury,
851,Kang Youwei,TimelineEastern#Japanese,19thcentury,
852,Milan Kangrga,,,Indexsociopoliticalthinkers
853,Immanuel Kant,Muslim,18thcentury,"['Indexsociopoliticalthinkers', 'ethicists', 'politicaltheorists', 'epistemologists', 'political', 'metaphysicians', 'aestheticians']"
854,Kao Tzu,,,
855,David Kaplan,American,20thcentury,logicians
856,Mordecai Kaplan,American,19thcentury,
857,Nikolai Ivanovich Kareev,,,
858,Lev Platonovich Karsavin,,,
859,Joseph Kaspi,,11ththrough14thcenturies,
860,Walter Kaufmann,American,20thcentury,
861,Karl Kautsky,,19thcentury,
862,Khedrup Gelek Pelzang,,,
863,Konstantin Kavelin,Russian,19thcentury,
864,Bartholomew Keckermann,,,
865,Hans Kelsen,,19thcentury,Indexsociopoliticalthinkers
866,Norman Kemp Smith,,19thcentury,
867,Anthony Kenny,British,20thcentury,
868,Johannes Kepler,,15thand16thcenturies,
869,John Maynard Keynes,,19thcentury,
870,Hermann Graf Keyserling,,,
871,Aleksey Khomyakov,Russian,19thcentury,
872,Søren Kierkegaard,,19thcentury,"['aestheticians', 'epistemologists', 'political', 'ethicists']"
873,Richard Kilvington,,11ththrough14thcenturies,logicians
874,Robert Kilwardby,,11ththrough14thcenturies,logicians
875,Jaegwon Kim,American,20thcentury,metaphysicians
876,Al-Kindi,Muslim,1stthrough10thcenturies,
877,Martin Luther King Jr.,,20thcentury,ethicists
878,Ivan Kireevsky,,,
879,Patricia Kitcher,American,20thcentury,
880,Ludwig Klages,German-language,,
881,Heinrich von Kleist,German-language,18thcentury,
882,William Calvert Kneale,,20thcentury,
883,Martin Knutzen,German-language,18thcentury,
884,Ko Hung,,1stthrough10thcenturies,
885,Kurt Koffka,,,
886,Wolfgang Köhler,,19thcentury,
887,Alexandre Kojève,French,20thcentury,
888,Leszek Kołakowski,,,politicaltheorists
889,Alejandro Korn,,19thcentury,
890,Karl Korsch,,,
891,Karel Kosík,,,
892,Tadeusz Kotarbiński,,19thcentury,"['logicians', 'ethicists']"
893,Alexandre Koyre,,19thcentury,
894,Aleksei Aleksandrovich Kozlov,,,
895,Karl Kraus,,19thcentury,
896,Karl Christian Friedrich Krause,,18thcentury,
897,Georg Kreisel,,20thcentury,logicians
898,Saul Kripke,American,20thcentury,"['logicians', 'metaphysicians']"
899,Jiddu Krishnamurti,TimelineEastern#Japanese,19thcentury,
900,Uppaluri Gopala Krishnamurti,,,
901,Julia Kristeva,French,20thcentury,
902,Nachman Krochmal,,18thcentury,
903,Leopold Kronecker,,19thcentury,logicians
904,Peter Kropotkin,Russian,19thcentury,"['political', 'Indexsociopoliticalthinkers', 'ethicists', 'politicaltheorists']"
905,Felix Krueger,German-language,,
906,Thomas Samuel Kuhn,American,20thcentury,
907,Kūkai,TimelineEastern#Japanese,1stthrough10thcenturies,
908,Kuki Shūzō,TimelineEastern#Japanese,19thcentury,
909,Oswald Külpe,,,
910,Kumārila Bhaṭṭa,TimelineEastern#Japanese,1stthrough10thcenturies,
911,Kumazawa Banzan,TimelineEastern#Japanese,17thcentury,
912,Kuo Hsiang,,1stthrough10thcenturies,
913,Ernst Laas,German-language,,
914,Lucien Laberthonnière,,,
915,Antonio Labriola,Italian,19thcentury,
916,Jean de La Bruyère,,,
917,Jacques Lacan,,20thcentury,Indexsociopoliticalthinkers
918,Jules Lachelier,,19thcentury,
919,Ernesto Laclau,,,politicaltheorists
920,Philippe Lacoue-Labarthe,French,20thcentury,
921,Pierre Laffitte,,19thcentury,
922,Louis de La Forge,French,17thcentury,
923,Imre Lakatos,,20thcentury,
924,André Lalande,French,,
925,Jean-Baptiste Lamarck,,18thcentury,
926,Johann Heinrich Lambert,German-language,18thcentury,logicians
927,Hughes Felicité Robert de Lamennais,Catholicandtheologians,,
928,Julien Offray de La Mettrie,,18thcentury,Indexsociopoliticalthinkers
929,François de La Mothe Le Vayer,French,,
930,Ludwig Landgrebe,,20thcentury,
931,Friedrich Albert Lange,German-language,19thcentury,
932,Susanne Langer,American,19thcentury,aestheticians
933,Lao Zi,,centuriesBC,
934,Isaac La Peyrère,,15thand16thcenturies,
935,Pierre-Simon Laplace,,18thcentury,
936,Ivan Ivanovich Lapshin,,,
937,François de La Rochefoucauld,,,
938,Pierre Laromiguière,French,18thcentury,
939,Abdullah Laroui,,,
940,Ferdinand Lassalle,,19thcentury,
941,Bruno Latour,French,20thcentury,
942,Johann Kaspar Lavater,,,
943,Louis Lavelle,French,,ethicists
944,Antoine Lavoisier,French,,
945,Peter Lavrovitch Lavrov,,19thcentury,
946,William Law,,17thcentury,
947,Jean Le Clerc,,17thcentury,
948,Michèle Le Dœuff,,20thcentury,
949,Henri Lefebvre,French,20thcentury,Indexsociopoliticalthinkers
950,Jacques Lefèvre d'Étaples,,,
951,Claude Lefort,French,20thcentury,Indexsociopoliticalthinkers
952,Antoine Le Grand,,17thcentury,
953,Keith Lehrer,American,20thcentury,epistemologists
954,Gottfried Leibniz,,17thcentury,"['metaphysicians', 'Indexsociopoliticalthinkers']"
955,Yeshayahu Leibowitz,,20thcentury,
956,Vladimir Lenin,Russian,19thcentury,"['Indexsociopoliticalthinkers', 'politicaltheorists']"
957,Leonardo da Vinci,,,
958,Konstantin Nikolaevich Leont'ev,,19thcentury,
959,Aleksei N. Leontiev,,,
960,Giacomo Leopardi,Italian,18thcentury,
961,Jules Lequier,French,19thcentury,
962,Pierre Leroux,French,18thcentury,
963,Edouard Louis Emmanuel Julien Le Roy,,19thcentury,
964,René Le Senne,French,,
965,Stanisław Leśniewski,,19thcentury,logicians
966,Gotthold Ephraim Lessing,German-language,18thcentury,aestheticians
967,Leucippus,ancientGreek,centuriesBC,
968,Emmanuel Levinas,French,20thcentury,ethicists
969,Claude Lévi-Strauss,French,20thcentury,Indexsociopoliticalthinkers
970,Lucien Lévy-Bruhl,French,19thcentury,
971,Kurt Lewin,,19thcentury,
972,Clarence Irving Lewis,American,19thcentury,logicians
973,C. S. Lewis,,19thcentury,
974,David Kellogg Lewis,American,20thcentury,"['logicians', 'metaphysicians']"
975,Li Ao,TimelineEastern#Japanese,1stthrough10thcenturies,
976,Liang Qichao,TimelineEastern#Japanese,19thcentury,
977,Liang Sou-ming,,19thcentury,
978,Georg Christoph Lichtenberg,,18thcentury,
979,Arthur Liebert,German-language,,
980,Otto Liebmann,German-language,,
981,Liezi,TimelineEastern#Japanese,centuriesBC,
982,Mikhail Lifshitz,,,
983,Linji Yixuan,TimelineEastern#Japanese,1stthrough10thcenturies,
984,Carl Linnaeus,,18thcentury,
985,Theodor Lipps,,,
986,Justus Lipsius,Catholicandtheologians,15thand16thcenturies,
987,Émile Littré,French,19thcentury,
988,Liu Shaoqi,TimelineEastern#Japanese,19thcentury,
989,Liu Tsung-chou,TimelineEastern#Japanese,,
990,Genevieve Lloyd,,20thcentury,
991,Karl Nickerson Llywelyn,,19thcentury,
992,Ramon Llull,Catholicandtheologians,11ththrough14thcenturies,logicians
993,Alain LeRoy Locke,American,19thcentury,
994,John Locke,British,17thcentury,"['Indexsociopoliticalthinkers', 'ethicists', 'politicaltheorists', 'epistemologists', 'political']"
995,Alfred Loisy,,19thcentury,
996,Peter Lombard,Catholicandtheologians,11ththrough14thcenturies,
997,Bernard Lonergan,Catholicandtheologians,20thcentury,
998,Pseudo-Longinus,,,
999,Leo Mikhailovich Lopatin,,,
1000,Paul Lorenzen,German-language,20thcentury,logicians
1001,Aleksei Fedorovich Losev,,19thcentury,
1002,Nicholas Onufrievich Lossky,,19thcentury,
1003,Domenico Losurdo,Italian,,
1004,Juri Lotman,,,
1005,Hermann Lotze,German-language,19thcentury,logicians
1006,Arthur O. Lovejoy,,19thcentury,
1007,Leo Löwenthal,,,
1008,Michael Löwy,,,
1009,John R. Lucas,,20thcentury,
1010,Lucian,,1stthrough10thcenturies,
1011,Lucretius,Italian,centuriesBC,metaphysicians
1012,Lu Jiuyuan,TimelineEastern#Japanese,,
1013,Georg Lukács,German-language,19thcentury,political
1014,Jan Łukasiewicz,,19thcentury,logicians
1015,Anatoliy Lunacharskiy,,,
1016,Martin Luther,,15thand16thcenturies,political
1017,Rosa Luxemburg,,19thcentury,"['political', 'Indexsociopoliticalthinkers', 'politicaltheorists']"
1018,William Lycan,American,20thcentury,metaphysicians
1019,Jean-François Lyotard,French,20thcentury,"['aestheticians', 'Indexsociopoliticalthinkers']"
1020,Catharine Macaulay,,,
1021,Ernst Mach,German-language,19thcentury,
1022,Niccolò Machiavelli,Italian,15thand16thcenturies,"['political', 'Indexsociopoliticalthinkers', 'ethicists', 'politicaltheorists']"
1023,Alasdair MacIntyre,Catholicandtheologians,20thcentury,"['political', 'ethicists', 'politicaltheorists']"
1024,John Leslie Mackie,,20thcentury,
1025,Madhava,,,
1026,Shri Madhvacharya,TimelineEastern#Japanese,11ththrough14thcenturies,
1027,Mahavira,TimelineEastern#Japanese,centuriesBC,
1028,Benoît de Maillet,,,
1029,Salomon Maimon,German-language,18thcentury,
1030,Abraham ben Moses Maimonides,,11ththrough14thcenturies,
1031,Maimonides,,,"['metaphysicians', 'political', 'ethicists']"
1032,Maine de Biran,French,18thcentury,
1033,John Major,,15thand16thcenturies,
1034,Errico Malatesta,,,
1035,Norman Malcolm,American,20thcentury,epistemologists
1036,Nicolas Malebranche,French,17thcentury,metaphysicians
1037,Ernst Mally,,19thcentury,
1038,André Malraux,,,aestheticians
1039,Thomas Malthus,,,
1040,Merab Mamardashvili,,20thcentury,
1041,Bernard de Mandeville,,17thcentury,
1042,Mani,,,
1043,Karl Mannheim,,19thcentury,
1044,Henry Longueville Mansel,,19thcentury,
1045,Mao Zedong,TimelineEastern#Japanese,19thcentury,"['Indexsociopoliticalthinkers', 'ethicists']"
1046,Gabriel Marcel,French,19thcentury,
1047,Marcion,,,
1048,Ruth Barcan Marcus,American,20thcentury,logicians
1049,Herbert Marcuse,German-language,19thcentury,"['political', 'politicaltheorists']"
1050,Joseph Maréchal,,,
1051,Juan de Mariana,,15thand16thcenturies,
1052,Julián Marías,,20thcentury,
1053,José Carlos Mariátegui,,,
1054,Lucrezia Marinella,,,
1055,Jacques Maritain,French,19thcentury,"['metaphysicians', 'aestheticians', 'ethicists', 'political']"
1056,Gaius Marius Victorinus,,1stthrough10thcenturies,
1057,Mihailo Marković,,,Indexsociopoliticalthinkers
1058,Svetozar Marković,,,
1059,Odo Marquard,,20thcentury,
1060,Marsilius of Inghen,,11ththrough14thcenturies,logicians
1061,Marsilius of Padua,Italian,11ththrough14thcenturies,political
1062,Roger Marston,,11ththrough14thcenturies,
1063,José Martí,,,
1064,Charles B. Martin,,,
1065,Harriet Martineau,,19thcentury,Indexsociopoliticalthinkers
1066,James Martineau,,19thcentury,ethicists
1067,Piero Martinetti,,,
1068,Anton Marty,,,
1069,Marko Marulić,,,
1070,Karl Marx,German-language,19thcentury,"['political', 'Indexsociopoliticalthinkers', 'politicaltheorists']"
1071,Tomáš Masaryk,,,
1072,Damaris Cudworth Masham,,17thcentury,
1073,Cotton Mather,,,
1074,Matthew of Aquasparta,,11ththrough14thcenturies,
1075,Pierre Louis Maupertuis,,,
1076,Fritz Mauthner,,19thcentury,
1077,James Clerk Maxwell,,19thcentury,
1078,Ernst Mayr,,20thcentury,
1079,James McCosh,,19thcentury,
1080,William McDougall,,19thcentury,
1081,John McDowell,British,20thcentury,"['epistemologists', 'ethicists']"
1082,Evander Bradley McGilvary,American,,
1083,Colin McGinn,,20thcentury,
1084,John Ellis McTaggart,,19thcentury,
1085,George Herbert Mead,American,19thcentury,
1086,Bartolomé de Medina,,15thand16thcenturies,
1087,Georg Friedrich Meier,German-language,,
1088,Friedrich Meinecke,German-language,19thcentury,
1089,Alexius Meinong,German-language,19thcentury,metaphysicians
1090,Philipp Melanchthon,,15thand16thcenturies,
1091,Melissus of Samos,ancientGreek,centuriesBC,
1092,D. Hugh Mellor,,,
1093,Menasseh Ben Israel,,,
1094,Mencius,TimelineEastern#Japanese,centuriesBC,"['political', 'Indexsociopoliticalthinkers', 'ethicists', 'politicaltheorists']"
1095,Gregor Mendel,Catholicandtheologians,19thcentury,
1096,Moses Mendelssohn,German-language,18thcentury,
1097,Susan Mendus,,20thcentury,
1098,Désiré-Joseph Mercier,,19thcentury,
1099,Maurice Merleau-Ponty,French,20thcentury,
1100,Marin Mersenne,French,15thand16thcenturies,
1101,Jean Meslier,French,,
1102,Judah Messer Leon,,15thand16thcenturies,
1103,István Mészáros,,,
1104,Emile Meyerson,,19thcentury,
1105,Conyers Middleton,,,
1106,Mary Midgley,British,20thcentury,ethicists
1107,Nikolai Konstantinovich Mikhailovskii,,19thcentury,
1108,Miki Kiyoshi,TimelineEastern#Japanese,19thcentury,
1109,Mikyo Dorje,,15thand16thcenturies,
1110,Gaston Milhaud,French,,
1111,James Mill,,18thcentury,"['political', 'ethicists']"
1112,John Stuart Mill,British,19thcentury,"['Indexsociopoliticalthinkers', 'ethicists', 'politicaltheorists', 'logicians', 'political']"
1113,John Millar,,18thcentury,
1114,Dickinson Miller,,,
1115,Ruth Millikan,American,20thcentury,
1116,John Milton,,,politicaltheorists
1117,Minagawa Kien,,,
1118,Mir Damad,Muslim,,
1119,Miura Baien,,,
1120,Jacob Moleschott,German-language,,
1121,Luis de Molina,Catholicandtheologians,15thand16thcenturies,
1122,Enrique Molina Garmendia,,,
1123,Lord Monboddo,,18thcentury,
1124,Richard Montague,American,20thcentury,logicians
1125,William Pepperell Montague,American,,
1126,Michel de Montaigne,French,15thand16thcenturies,
1127,Baron de Montesquieu,,17thcentury,
1128,Edmund Montgomery,,,
1129,G. E. Moore,,19thcentury,"['metaphysicians', 'ethicists']"
1130,Henry More,,17thcentury,
1131,Thomas More,Catholicandtheologians,15thand16thcenturies,politicaltheorists
1132,C. Lloyd Morgan,,,
1133,Lewis H. Morgan,,,Indexsociopoliticalthinkers
1134,Thomas Morgan,,,
1135,Karl Philipp Moritz,,,
1136,Edgar Morin,French,,epistemologists
1137,Gaetano Mosca,Italian,19thcentury,
1138,Motoori Norinaga,TimelineEastern#Japanese,18thcentury,
1139,Emmanuel Mounier,French,,
1140,Mou Tsung-san,TimelineEastern#Japanese,,
1141,Mozi,TimelineEastern#Japanese,centuriesBC,"['political', 'Indexsociopoliticalthinkers', 'ethicists']"
1142,David Ibn Merwan Al-Mukammas,,1stthrough10thcenturies,
1143,Mulla Sadra,Muslim,15thand16thcenturies,
1144,Iris Murdoch,British,20thcentury,"['metaphysicians', 'ethicists']"
1145,Muro Kyuso,,,
1146,Arthur Edward Murphy,,20thcentury,
1147,Musonius Rufus,,1stthrough10thcenturies,
1148,Arne Næss,German-language,20thcentury,
1149,Nagarjuna,TimelineEastern#Japanese,1stthrough10thcenturies,logicians
1150,Ernest Nagel,,20thcentury,
1151,Thomas Nagel,American,20thcentury,"['political', 'Indexsociopoliticalthinkers', 'ethicists']"
1152,Nahmanides,,,
1153,Jacques-André Naigeon,,,
1154,Toju Nakae,,,Indexsociopoliticalthinkers
1155,Jean-Luc Nancy,French,20thcentury,
1156,Hossein Nasr,Iranian,20thcentury,
1157,Paul Gerhard Natorp,,19thcentury,
1158,Sergey Nechayev,,,
1159,Alexander Neckham,,11ththrough14thcenturies,
1160,Antonio Negri,Italian,20thcentury,"['political', 'Indexsociopoliticalthinkers', 'politicaltheorists']"
1161,Leonard Nelson,German-language,19thcentury,
1162,Nemesius of Emesa,,1stthrough10thcenturies,
1163,John von Neumann,,20thcentury,logicians
1164,Otto Neurath,,19thcentury,
1165,John Henry Newman,Catholicandtheologians,19thcentury,political
1166,Isaac Newton,,17thcentury,
1167,Nichiren,TimelineEastern#Japanese,11ththrough14thcenturies,
1168,Nicholas of Autrecourt,,11ththrough14thcenturies,
1169,Nicholas of Cusa,Catholicandtheologians,15thand16thcenturies,
1170,Christoph Friedrich Nicolai,,,
1171,Pierre Nicole,,,
1172,H. Richard Niebuhr,,19thcentury,ethicists
1173,Reinhold Niebuhr,,19thcentury,ethicists
1174,Friedrich Nietzsche,German-language,19thcentury,"['aestheticians', 'ethicists', 'political']"
1175,Agostino Nifo,,15thand16thcenturies,
1176,Nishi Amane,TimelineEastern#Japanese,19thcentury,
1177,Nishida Kitaro,TimelineEastern#Japanese,19thcentury,
1178,Nishitani Keiji,TimelineEastern#Japanese,20thcentury,
1179,Kwame Nkrumah,,20thcentury,
1180,John Norris,,17thcentury,
1181,Novalis,German-language,18thcentury,
1182,Robert Nozick,American,20thcentury,"['Indexsociopoliticalthinkers', 'ethicists', 'politicaltheorists', 'epistemologists', 'political']"
1183,Numenius of Apamea,ancientGreek,1stthrough10thcenturies,
1184,Martha Nussbaum,American,20thcentury,"['Indexsociopoliticalthinkers', 'ethicists', 'politicaltheorists']"
1185,Anders Nygren,,19thcentury,
1186,Michael Oakeshott,British,20thcentury,"['aestheticians', 'Indexsociopoliticalthinkers', 'political', 'politicaltheorists']"
1187,William of Ockham,Catholicandtheologians,11ththrough14thcenturies,"['logicians', 'metaphysicians', 'political', 'epistemologists']"
1188,Ogyū Sorai,TimelineEastern#Japanese,17thcentury,Indexsociopoliticalthinkers
1189,Lorenz Oken,,18thcentury,
1190,Karl Olivecrona,,19thcentury,
1191,Peter Olivi,,11ththrough14thcenturies,
1192,Olympiodorus the Younger,ancientGreek,1stthrough10thcenturies,
1193,John Wood Oman,,19thcentury,
1194,Michel Onfray,French,20thcentury,"['Indexsociopoliticalthinkers', 'ethicists']"
1195,Onora O'Neill,,20thcentury,ethicists
1196,Nicole Oresme,French,11ththrough14thcenturies,
1197,Origen of Alexandria,Catholicandtheologians,1stthrough10thcenturies,
1198,Isaac Orobio de Castro,,,
1199,Hans Christian Ørsted,,,
1200,José Ortega y Gasset,,19thcentury,
1201,Wilhelm Ostwald,,,
1202,James Oswald,,18thcentury,
1203,Rudolf Otto,,19thcentury,
1204,Richard Overton,,15thand16thcenturies,
1205,Gwilyn Ellis Lane Owen,,20thcentury,
1206,Thomas Paine,British,18thcentury,"['political', 'politicaltheorists']"
1207,Menyhért Palágyi,,,
1208,William Paley,British,18thcentury,Indexsociopoliticalthinkers
1209,Elihu Palmer,,,
1210,Panaetius,ancientGreek,centuriesBC,
1211,Antonie Pannekoek,,,
1212,Wolfhart Pannenberg,,,
1213,David Papineau,British,20thcentury,
1214,Giovanni Papini,,,
1215,Paracelsus,,15thand16thcenturies,
1216,Vilfredo Pareto,Italian,19thcentury,Indexsociopoliticalthinkers
1217,Derek Parfit,British,20thcentury,ethicists
1218,Theodore Parker,,,
1219,Parmenides,Italian,centuriesBC,metaphysicians
1220,Blaise Pascal,French,17thcentury,ethicists
1221,John Arthur Passmore,,,
1222,Valentino Annibale Pastore,,,
1223,Patañjali,,centuriesBC,
1224,Walter Pater,,,aestheticians
1225,Jan Patočka,,20thcentury,
1226,Francesco Patrizi da Cherso,,15thand16thcenturies,
1227,Akos Pauler,,,
1228,Linus Pauling,,,
1229,Paul of Venice,Italian,11ththrough14thcenturies,logicians
1230,Friedrich Paulsen,German-language,,
1231,Ivan Pavlov,,,
1232,Christopher Peacocke,British,20thcentury,
1233,Giuseppe Peano,Italian,19thcentury,logicians
1234,David Pears,,20thcentury,
1235,Karl Pearson,,,
1236,John Peckham,,11ththrough14thcenturies,
1237,Benjamin Peirce,,19thcentury,
1238,Charles Sanders Peirce,American,19thcentury,logicians
1239,Pelagius,,1stthrough10thcenturies,
1240,William Penbygull,,11ththrough14thcenturies,
1241,Thomas Percival,,18thcentury,
1242,Ralph Barton Perry,American,19thcentury,
1243,Johann Heinrich Pestalozzi,,,
1244,Peter of Auvergne,,11ththrough14thcenturies,
1245,Peter of Spain,,11ththrough14thcenturies,logicians
1246,Richard Stanley Peters,,20thcentury,
1247,Jordan B. Peterson,,,
1248,Petrarch,,11ththrough14thcenturies,
1249,Leon Petrazycki,,19thcentury,
1250,Joane Petrizi,,11ththrough14thcenturies,
1251,Branislav Petronijević,,,
1252,Petar II Petrović-Njegoš,,,
1253,Joseph Petzoldt,,,
1254,Alexander Pfänder,,,
1255,Philip the Chancellor,,11ththrough14thcenturies,
1256,Philo Judaeus of Alexandria,,centuriesBC,
1257,Philo of Larissa,ancientGreek,centuriesBC,
1258,Philo the Dialectician,ancientGreek,centuriesBC,logicians
1259,Philodemus of Gadara,,centuriesBC,
1260,Philolaus of Croton,,centuriesBC,
1261,Philo of Larissa,ancientGreek,centuriesBC,
1262,Philo of Megara,,,
1263,John Philoponus,,,
1264,Jean Piaget,,19thcentury,epistemologists
1265,Giovanni Pico della Mirandola,Italian,15thand16thcenturies,
1266,Dimitri Pisarev,Russian,,
1267,Max Planck,,19thcentury,
1268,Alvin Plantinga,American,20thcentury,"['metaphysicians', 'epistemologists']"
1269,Plato,Muslim,centuriesBC,"['Indexsociopoliticalthinkers', 'ethicists', 'politicaltheorists', 'epistemologists', 'political', 'metaphysicians', 'logicians', 'aestheticians']"
1270,Georgi Plekhanov,,19thcentury,
1271,Helmuth Plessner,German-language,,
1272,Gemistus Pletho,,,
1273,Plotinus,ancientGreek,1stthrough10thcenturies,metaphysicians
1274,Mestrius Plutarch of Chaeronia,,1stthrough10thcenturies,
1275,Henri Poincaré,,19thcentury,
1276,Karl Polanyi,,,
1277,Michael Polanyi,British,19thcentury,
1278,Pietro Pomponazzi,Italian,15thand16thcenturies,
1279,Alexander Pope,,,
1280,Karl Popper,German-language,20thcentury,"['political', 'Indexsociopoliticalthinkers', 'epistemologists', 'politicaltheorists']"
1281,Josef Popper-Lynkeus,,,
1282,Porphyry,ancientGreek,1stthrough10thcenturies,logicians
1283,Giambattista della Porta,,,
1284,Noah Porter,,,
1285,Posidonius,ancientGreek,centuriesBC,
1286,Richard Posner,American,20thcentury,
1287,Emil Leon Post,,19thcentury,logicians
1288,Robert Joseph Pothier,,17thcentury,
1289,Nicos Poulantzas,French,,
1290,François Poullain de la Barre,French,,
1291,Roscoe Pound,,19thcentury,
1292,Caio Prado Júnior,,,
1293,Costanzo Preve,Italian,,
1294,Henry Habberley Price,,19thcentury,
1295,Richard Price,,18thcentury,ethicists
1296,Harold Arthur Prichard,,19thcentury,
1297,Joseph Priestley,,18thcentury,Indexsociopoliticalthinkers
1298,Andrew Seth Pringle-Pattison,,,
1299,Arthur Prior,,20thcentury,logicians
1300,Proclus,ancientGreek,1stthrough10thcenturies,
1301,Prodicus,ancientGreek,centuriesBC,ethicists
1302,Protagoras,ancientGreek,centuriesBC,metaphysicians
1303,Pierre-Joseph Proudhon,,19thcentury,"['political', 'Indexsociopoliticalthinkers', 'politicaltheorists']"
1304,Marcel Proust,,,
1305,Pseudo-Dionysius the Areopagite,,1stthrough10thcenturies,
1306,Pseudo-Grosseteste,,11ththrough14thcenturies,
1307,Ptolemy,,1stthrough10thcenturies,
1308,Samuel Pufendorf,,17thcentury,
1309,Isaac ben Joseph ibn Pulgar,,,
1310,Hilary Putnam,American,20thcentury,"['logicians', 'metaphysicians', 'epistemologists']"
1311,Pyrrho,ancientGreek,centuriesBC,epistemologists
1312,Pythagoras,ancientGreek,centuriesBC,metaphysicians
1313,Antero de Quental,,,
1314,W. V. O. Quine,,,
1315,Anthony Quinton,,20thcentury,
1316,François Rabelais,,15thand16thcenturies,
1317,Eduardo Rabossi,,20thcentury,
1318,Gustav Radbruch,German-language,19thcentury,
1319,Janet Radcliffe Richards,British,20thcentury,
1320,Sarvepalli Radhakrishnan,TimelineEastern#Japanese,19thcentury,
1321,Assi Rahbani,,,
1322,Ramakrishna Paramhansa,,,
1323,Karl Rahner,Catholicandtheologians,20thcentury,
1324,Ramanuja,TimelineEastern#Japanese,11ththrough14thcenturies,
1325,Frank P. Ramsey,British,20thcentury,
1326,Ian Thomas Ramsey,,20thcentury,
1327,Paul Ramsey,,20thcentury,
1328,Petrus Ramus,,15thand16thcenturies,logicians
1329,Jacques Rancière,French,20thcentury,"['political', 'Indexsociopoliticalthinkers']"
1330,Ram Gopal Varma,,,
1331,Ayn Rand,American,20thcentury,"['Indexsociopoliticalthinkers', 'ethicists', 'politicaltheorists', 'epistemologists', 'political', 'aestheticians']"
1332,Hastings Rashdall,British,19thcentury,
1333,Felix Ravaisson-Mollien,,19thcentury,
1334,John Rawls,American,20thcentury,"['political', 'Indexsociopoliticalthinkers', 'ethicists', 'politicaltheorists']"
1335,John Ray,,17thcentury,
1336,Daniel Raymond,,18thcentury,
1337,Joseph Raz,,20thcentury,"['Indexsociopoliticalthinkers', 'ethicists']"
1338,Abu Bakr Muhammad ibn Zakariyya al-Razi,,,
1339,Fakhr al-Din al-Razi,Muslim,11ththrough14thcenturies,"['metaphysicians', 'political']"
1340,Paul Ree,,,
1341,Pierre-Sylvain Regis,,17thcentury,
1342,August Wilhelm Rehberg,,18thcentury,
1343,Wilhelm Reich,,19thcentury,political
1344,Helmut Reichelt,,,
1345,Hans Reichenbach,German-language,19thcentury,
1346,Thomas Reid,,18thcentury,aestheticians
1347,Hermann Samuel Reimarus,German-language,17thcentury,
1348,Adolf Reinach,German-language,19thcentury,
1349,Karl Leonhard Reinhold,German-language,18thcentury,
1350,Karl Renner,,19thcentury,
1351,Charles Bernard Renouvier,,19thcentury,
1352,Nicholas Rescher,Catholicandtheologians,20thcentury,
1353,Jean Reynaud,French,,
1354,Rgyal tshab dar ma rin chen,,11ththrough14thcenturies,
1355,Urbanus Rhegius,,,
1356,David Ricardo,,18thcentury,political
1357,Richard of Middleton,,11ththrough14thcenturies,
1358,Richard of St. Victor,,11ththrough14thcenturies,
1359,Richard Rufus of Cornwall,British,,
1360,I. A. Richards,,19thcentury,
1361,Radovan Richta,,20thcentury,
1362,Heinrich Rickert,,19thcentury,
1363,Paul Ricœur,French,20thcentury,
1364,Bernhard Riemann,,19thcentury,
1365,R.R. Rockingham Gill,,,
1366,Jacques Rohault,,17thcentury,
1367,Erwin Rohde,,19thcentury,
1368,Francisco Romero,,19thcentury,
1369,Avital Ronell,American,20thcentury,
1370,Richard Rorty,American,20thcentury,"['political', 'ethicists']"
1371,Vasily Rozanov,Russian,19thcentury,
1372,Roscelin of Compiègne,,11ththrough14thcenturies,
1373,Johann Karl Friedrich Rosenkranz,,19thcentury,
1374,Eugen Rosenstock-Huessy,American,,Indexsociopoliticalthinkers
1375,Franz Rosenzweig,German-language,19thcentury,
1376,Antonio Rosmini-Serbati,Italian,18thcentury,
1377,Alf Niels Christian Ross,,19thcentury,
1378,William David Ross,,19thcentury,
1379,Carlo Rosselli,Italian,,
1380,Gian-Carlo Rota,Italian,20thcentury,
1381,Jean Jacques Rousseau,,18thcentury,
1382,"Claude Henri de Rouvroy, Comte de Saint-Simon",,18thcentury,
1383,Joseph Rovan,French,20thcentury,
1384,M.N.Roy,,,
1385,Josiah Royce,American,19thcentury,
1386,Pierre Paul Royer-Collard,,18thcentury,
1387,Vasily Rozanov,Russian,19thcentury,
1388,Ruan Ji,TimelineEastern#Japanese,,
1389,Arnold Ruge,,19thcentury,
1390,Otto Rühle,,,
1391,Michael Ruse,American,20thcentury,
1392,Bertrand Russell,British,19thcentury,"['Indexsociopoliticalthinkers', 'ethicists', 'epistemologists', 'metaphysicians', 'logicians', 'political']"
1393,Jan van Ruysbroek,,11ththrough14thcenturies,
1394,Gilbert Ryle,British,20thcentury,
1395,Saadia Gaon,,1stthrough10thcenturies,
1396,Mulla Hadi Sabzevari,Iranian,18thcentury,
1397,William S. Sahakian,American,,
1398,Mark Sainsbury,British,20thcentury,
1399,"Claude Henri de Rouvroy, Comte de Saint-Simon",,18thcentury,
1400,Émile Saisset,French,19thcentury,
1401,Sakya Pandita,TimelineEastern#Japanese,,
1402,Syed Zafarul Hasan,,,
1403,Nathan Salmon,American,20thcentury,metaphysicians
1404,Wesley Salmon,,20thcentury,
1405,Francisco Sanches,,15thand16thcenturies,
1406,Adolfo Sánchez Vázquez,,20thcentury,
1407,Michael Sandel,American,,
1408,Śāntarakṣita,Indian,,
1409,George Santayana,American,19thcentury,aestheticians
1410,Prabhat Rainjan Sarkar,,20thcentury,
1411,Jean-Paul Sartre,French,20thcentury,"['metaphysicians', 'political']"
1412,Crispin Sartwell,American,20thcentury,
1413,John Ralston Saul,Canadian,20thcentury,ethicists
1414,Ferdinand de Saussure,,19thcentury,Indexsociopoliticalthinkers
1415,Fernando Savater,peoplefromtheBasqueCountry,20thcentury,
1416,Friedrich Karl von Savigny,,18thcentury,
1417,Raúl Scalabrini Ortiz,,,
1418,Antonin Scalia,Catholicandtheologians,,
1419,Julius Caesar Scaliger,,15thand16thcenturies,
1420,Thomas Scanlon,,20thcentury,
1421,Richard Schacht,,20thcentury,
1422,Max Scheler,German-language,19thcentury,ethicists
1423,Friedrich Schelling,,18thcentury,
1424,F. C. S. Schiller,British,19thcentury,
1425,Friedrich Schiller,German-language,18thcentury,"['aestheticians', 'ethicists']"
1426,August Wilhelm Schlegel,,,aestheticians
1427,Friedrich Schlegel,,,
1428,Hubert Schleichert,,20thcentury,
1429,Friedrich Schleiermacher,German-language,18thcentury,Indexsociopoliticalthinkers
1430,Moritz Schlick,German-language,19thcentury,ethicists
1431,Carl Schmitt,,19thcentury,"['political', 'Indexsociopoliticalthinkers', 'politicaltheorists']"
1432,J.B. Schneewind,,,
1433,Gershom Scholem,,,
1434,Heinrich Scholz,,,
1435,Arthur Schopenhauer,German-language,18thcentury,"['metaphysicians', 'aestheticians', 'ethicists', 'political']"
1436,Erwin Schrödinger,,19thcentury,
1437,Gottlob Ernst Schulze,German-language,18thcentury,
1438,Joseph Schumpeter,,19thcentury,politicaltheorists
1439,Anna Maria van Schurman,,17thcentury,
1440,Alfred Schütz,German-language,19thcentury,
1441,Albert Schweitzer,French,,ethicists
1442,Roger Scruton,British,20thcentury,"['aestheticians', 'political', 'politicaltheorists']"
1443,Madeleine de Scudéry,,,
1444,John Searle,American,20thcentury,"['Indexsociopoliticalthinkers', 'epistemologists']"
1445,Juan José Sebreli,,,
1446,Charles Secrétan,,19thcentury,
1447,Michal Sedziwój,,15thand16thcenturies,
1448,John Selden,,15thand16thcenturies,political
1449,Roy Wood Sellars,American,19thcentury,
1450,Wilfrid Sellars,American,20thcentury,
1451,Amartya Sen,TimelineEastern#Japanese,20thcentury,ethicists
1452,Seneca the Younger,,centuriesBC,
1453,Sengzhao,TimelineEastern#Japanese,1stthrough10thcenturies,
1454,Victor Serge,,,
1455,John Sergeant,,17thcentury,
1456,Michel Serres,French,20thcentury,
1457,Sextus Empiricus,ancientGreek,1stthrough10thcenturies,epistemologists
1458,"Anthony Ashley-Cooper, 3rd Earl of Shaftesbury",,17thcentury,
1459,Shah Wali Allah,,18thcentury,
1460,Shang Yang,TimelineEastern#Japanese,centuriesBC,
1461,Adi Shankara,TimelineEastern#Japanese,1stthrough10thcenturies,
1462,Shantideva,,,
1463,Shao Yung,TimelineEastern#Japanese,11ththrough14thcenturies,
1464,Johannes Sharpe,,11ththrough14thcenturies,
1465,Dariush Shayegan,,20thcentury,
1466,Shen Buhai,TimelineEastern#Japanese,centuriesBC,
1467,Shen Dao,TimelineEastern#Japanese,centuriesBC,
1468,Lady Mary Shepherd,,18thcentury,
1469,Lev Shestov,Russian,19thcentury,
1470,Shinran,TimelineEastern#Japanese,11ththrough14thcenturies,
1471,Sydney Shoemaker,American,20thcentury,
1472,Daryush Shokof,Iranian,,
1473,Gustav Gustavovich Shpet,,19thcentury,
1474,Shriharsha,,,
1475,Henry Sidgwick,British,19thcentury,"['Indexsociopoliticalthinkers', 'ethicists']"
1476,Eli Siegel,,,aestheticians
1477,Sigerus of Brabant,,11ththrough14thcenturies,
1478,Heinrich Christoph Wilhelm Sigwart,,18thcentury,
1479,Abu Sulayman Muhammad al-Sijistani,,1stthrough10thcenturies,
1480,Ludovico Silva,,,
1481,Francesco Silvestri,Catholicandtheologians,15thand16thcenturies,
1482,Georg Simmel,German-language,19thcentury,ethicists
1483,Simon of Faversham,,11ththrough14thcenturies,
1484,Simplicius of Cilicia,ancientGreek,1stthrough10thcenturies,logicians
1485,Kurt Singer,,,
1486,Peter Singer,,20thcentury,ethicists
1487,B. F. Skinner,,20thcentury,ethicists
1488,Thoralf Skolem,,19thcentury,logicians
1489,Hryhori Skovoroda,,18thcentury,
1490,Peter Sloterdijk,German-language,20thcentury,Indexsociopoliticalthinkers
1491,J. J. C. Smart,,20thcentury,"['Indexsociopoliticalthinkers', 'ethicists']"
1492,Adam Smith,British,18thcentury,"['political', 'ethicists', 'politicaltheorists']"
1493,Barry Smith,American,20thcentury,
1494,Huston Smith,,20thcentury,
1495,Joseph Smith,,,
1496,Michael Smith,,,
1497,Raymond Smullyan,American,20thcentury,logicians
1498,Joseph D. Sneed,American,20thcentury,
1499,Jan Sniadecki,,18thcentury,
1500,Scott Soames,American,20thcentury,
1501,Elliott Sober,,20thcentury,
1502,Socrates,ancientGreek,centuriesBC,"['aestheticians', 'epistemologists', 'political']"
1503,Karl Wilhelm Ferdinand Solger,German-language,18thcentury,aestheticians
1504,Joseph Soloveitchik,,20thcentury,
1505,Vladimir Solovyov,Russian,19thcentury,"['metaphysicians', 'ethicists']"
1506,Sophie de Condorcet,,,
1507,Georges Sorel,French,19thcentury,political
1508,William Ritchie Sorley,British,19thcentury,
1509,Abdolkarim Soroush,Muslim,20thcentury,
1510,Ernest Sosa,American,20thcentury,epistemologists
1511,Domingo de Soto,,15thand16thcenturies,
1512,Othmar Spann,,19thcentury,
1513,Herbert Spencer,,19thcentury,"['political', 'Indexsociopoliticalthinkers', 'ethicists']"
1514,Thomas Spencer Baynes,,19thcentury,
1515,Oswald Spengler,German-language,19thcentury,
1516,Speusippus,ancientGreek,centuriesBC,
1517,Herbert Spiegelberg,,20thcentury,
1518,Baruch Spinoza,,17thcentury,"['metaphysicians', 'political', 'epistemologists', 'ethicists']"
1519,Afrikan Spir,German-language,19thcentury,
1520,Gayatri Chakravorty Spivak,,20thcentury,
1521,Lysander Spooner,American,19thcentury,"['Indexsociopoliticalthinkers', 'politicaltheorists']"
1522,Timothy L.S. Sprigge,,,
1523,Walter Terence Stace,,19thcentury,"['epistemologists', 'ethicists']"
1524,Edward Stachura,,20thcentury,
1525,Anne Louise Germaine de Staël,,18thcentury,
1526,"James Dalrymple, 1st Viscount Stair",,17thcentury,
1527,Joseph Vissarionovich Stalin,,,
1528,Robert Stalnaker,American,20thcentury,metaphysicians
1529,Henry Stanton,,19thcentury,
1530,Olaf Stapledon,British,19thcentury,ethicists
1531,Stanislaw Staszic,,18thcentury,
1532,L. Susan Stebbing,,19thcentury,
1533,Edith Stein,Catholicandtheologians,19thcentury,metaphysicians
1534,George Steiner,French,,
1535,Rudolf Steiner,German-language,19thcentury,epistemologists
1536,Leslie Stephen,,19thcentury,ethicists
1537,Charles Leslie Stevenson,,20thcentury,
1538,Dugald Stewart,,18thcentury,ethicists
1539,Stephen Stich,American,20thcentury,
1540,Stilpo,ancientGreek,centuriesBC,
1541,James Hutchison Stirling,British,19thcentury,
1542,Max Stirner,German-language,19thcentury,"['political', 'Indexsociopoliticalthinkers', 'ethicists', 'politicaltheorists']"
1543,George Frederick Stout,,19thcentury,
1544,David Stove,,20thcentury,
1545,Strato of Lampsacus,ancientGreek,centuriesBC,
1546,David Friedrich Strauss,,19thcentury,ethicists
1547,Leo Strauss,German-language,19thcentury,"['political', 'politicaltheorists']"
1548,Galen Strawson,British,20thcentury,
1549,P. F. Strawson,British,20thcentury,epistemologists
1550,Barry Stroud,Canadian,20thcentury,epistemologists
1551,Carl Stumpf,,19thcentury,
1552,Johann Sturm,,,
1553,Francisco Suárez,Catholicandtheologians,15thand16thcenturies,"['metaphysicians', 'political']"
1554,Gabrielle Suchon,,17thcentury,
1555,Shahab al-Din Yahya ibn Habash Suhrawardi,,,
1556,Sun Tzu,TimelineEastern#Japanese,centuriesBC,Indexsociopoliticalthinkers
1557,Sun Yat-sen,TimelineEastern#Japanese,19thcentury,"['political', 'Indexsociopoliticalthinkers', 'ethicists']"
1558,Rudi Supek,,,
1559,Henry Suso,Catholicandtheologians,11ththrough14thcenturies,
1560,Ivan Sviták,,,Indexsociopoliticalthinkers
1561,Karen Swassjan,,,
1562,Emanuel Swedenborg,,17thcentury,
1563,Richard Swinburne,British,20thcentury,
1564,Richard Sylvan,,,logicians
1565,Syrianus,ancientGreek,1stthrough10thcenturies,
1566,David Sztybel,,20thcentury,
1567,Allama Tabatabai,,,
1568,Javad Tabatabai,,20thcentury,
1569,Debendranath Tagore,,19thcentury,
1570,Rabindranath Tagore,TimelineEastern#Japanese,19thcentury,
1571,Tai Chen,,18thcentury,
1572,Hippolyte Taine,French,19thcentury,
1573,Gáspár Miklós Tamás,,,
1574,T'an Ssu-t'ung,,19thcentury,
1575,Tanabe Hajime,TimelineEastern#Japanese,19thcentury,
1576,T'ang Chun-i,TimelineEastern#Japanese,,
1577,Alfred Tarski,,20thcentury,logicians
1578,Wladyslaw Tatarkiewicz,,19thcentury,
1579,Johannes Tauler,,11ththrough14thcenturies,
1580,Nicolaus Taurellus,,15thand16thcenturies,
1581,Abu Hayyan al-Tawhidi,,1stthrough10thcenturies,
1582,Charles Taylor,Catholicandtheologians,20thcentury,"['political', 'Indexsociopoliticalthinkers', 'politicaltheorists']"
1583,Harriet Taylor Mill,,19thcentury,Indexsociopoliticalthinkers
1584,Kenneth Allen Taylor,American,20thcentury,
1585,Richard Taylor,American,20thcentury,
1586,Gustav Teichmuller,,19thcentury,
1587,Pierre Teilhard de Chardin,French,19thcentury,metaphysicians
1588,Bernardino Telesio,Italian,15thand16thcenturies,
1589,Placide Tempels,,20thcentury,
1590,William Temple,,19thcentury,
1591,Frederick Robert Tennant,,19thcentury,
1592,Teresa of Avila,,15thand16thcenturies,
1593,Tertullian,Catholicandtheologians,1stthrough10thcenturies,
1594,Johannes Nikolaus Tetens,German-language,18thcentury,
1595,Thales,ancientGreek,centuriesBC,
1596,Themistius,ancientGreek,1stthrough10thcenturies,
1597,Theodorus of Cyrene,,centuriesBC,
1598,Theophrastus,ancientGreek,centuriesBC,logicians
1599,Helmut Thielicke,,20thcentury,
1600,Peter Thielst,,,
1601,Thierry of Chartres,,11ththrough14thcenturies,
1602,Thomas à Kempis,,11ththrough14thcenturies,
1603,Thomas of Erfurt,,11ththrough14thcenturies,
1604,Thomas of York,,11ththrough14thcenturies,
1605,Christian Thomasius,German-language,17thcentury,
1606,William Thompson,,18thcentury,
1607,Judith Jarvis Thomson,American,20thcentury,"['metaphysicians', 'ethicists']"
1608,Henry David Thoreau,American,19thcentury,"['political', 'Indexsociopoliticalthinkers']"
1609,Thrasymachus,ancientGreek,centuriesBC,
1610,Thucydides,,centuriesBC,Indexsociopoliticalthinkers
1611,Paul Tillich,American,19thcentury,ethicists
1612,Timaeus of Locri,ancientGreek,centuriesBC,
1613,Timon of Phlius,,centuriesBC,
1614,Matthew Tindal,,17thcentury,
1615,Alexis de Tocqueville,French,19thcentury,"['political', 'Indexsociopoliticalthinkers', 'politicaltheorists']"
1616,Tzvetan Todorov,,20thcentury,
1617,John Toland,British,17thcentury,
1618,Francisco de Toledo,,,
1619,Leo Tolstoy,Russian,19thcentury,ethicists
1620,Tominaga Nakamoto,TimelineEastern#Japanese,18thcentury,
1621,Friedrich Adolf Trendelenburg,,19thcentury,logicians
1622,Ernst Troeltsch,German-language,19thcentury,
1623,Leon Trotsky,Russian,19thcentury,politicaltheorists
1624,Ehrenfried Walther von Tschirnhaus,,17thcentury,
1625,Je Tsongkhapa,TimelineEastern#Japanese,11ththrough14thcenturies,
1626,Alyaksandr Tsvikievich,,,
1627,Abraham Tucker,,18thcentury,
1628,Benjamin Tucker,American,19thcentury,"['political', 'Indexsociopoliticalthinkers']"
1629,Peter Tudvad,,20thcentury,
1630,Ernst Tugendhat,German-language,20thcentury,
1631,Raimo Tuomela,Finnish,20thcentury,
1632,Alan Turing,,20thcentury,logicians
1633,George Turnball,,17thcentury,
1634,Nasir al-Din al-Tusi,Muslim,,
1635,Kazimierz Twardowski,,19thcentury,logicians
1636,Michael Tye,,20thcentury,
1637,Pietro Ubaldi,Italian,19thcentury,
1638,Udayana,TimelineEastern#Japanese,1stthrough10thcenturies,logicians
1639,Uddyotakara,,1stthrough10thcenturies,
1640,Uisang,Korean,1stthrough10thcenturies,
1641,Ulrich of Strasbourg,,11ththrough14thcenturies,
1642,Hermann Ulrici,,19thcentury,
1643,Umar Khayyam,,,
1644,Miguel de Unamuno,peoplefromtheBasqueCountry,19thcentury,
1645,Peter Unger,American,20thcentury,"['metaphysicians', 'epistemologists']"
1646,Dimitri Uznadze,,19thcentury,
1647,Hans Vaihinger,German-language,19thcentury,
1648,György Mihály Vajda,,,
1649,J. J. Valberg,,,
1650,Valentinius,,1stthrough10thcenturies,
1651,Paul Valéry,French,,
1652,Lorenzo Valla,,15thand16thcenturies,logicians
1653,Vallabhacharya,TimelineEastern#Japanese,15thand16thcenturies,
1654,Bas C. van Fraassen,,,
1655,Peter van Inwagen,American,20thcentury,metaphysicians
1656,Giulio Cesare Vanini,,,
1657,Francisco Varela,,20thcentury,
1658,Vasubandhu,TimelineEastern#Japanese,1stthrough10thcenturies,
1659,Vatsyayana,TimelineEastern#Japanese,1stthrough10thcenturies,
1660,Emerich de Vattel,,18thcentury,
1661,Gianni Vattimo,Italian,20thcentury,
1662,Vauvenargues,,18thcentury,
1663,Gabriel Vazquez,,,
1664,John Venn,,19thcentury,logicians
1665,Henry Babcock Veatch,American,20thcentury,ethicists
1666,Nicoletto Vernia,Italian,15thand16thcenturies,
1667,Giambattista Vico,Italian,17thcentury,"['Indexsociopoliticalthinkers', 'epistemologists']"
1668,Milan Vidmar,,19thcentury,
1669,Álvaro Vieira Pinto,,,
1670,Michel Villey,,20thcentury,
1671,Vital Du Four,,11ththrough14thcenturies,
1672,Francisco de Vitoria,Catholicandtheologians,15thand16thcenturies,ethicists
1673,Swami Vivekananda,TimelineEastern#Japanese,,ethicists
1674,Juan Luís Vives,,15thand16thcenturies,
1675,Gregory Vlastos,,20thcentury,
1676,Eric Voegelin,American,20thcentury,"['Indexsociopoliticalthinkers', 'politicaltheorists']"
1677,Carl Vogt,,,
1678,Valentin Voloshinov,,,
1679,Voltaire,French,17thcentury,Indexsociopoliticalthinkers
1680,Georg Henrik von Wright,Finnish,20thcentury,logicians
1681,Lev Vygotsky,,19thcentury,
1682,Boris Petrovich Vysheslavtsev,,19thcentury,
1683,Jean Wahl,French,19thcentury,
1684,Friedrich Waismann,,19thcentury,
1685,Alfred Russel Wallace,,19thcentury,
1686,Michael Walzer,,20thcentury,"['political', 'politicaltheorists']"
1687,Ernest Wamba dia Wamba,,20thcentury,Indexsociopoliticalthinkers
1688,Wang Bi,TimelineEastern#Japanese,1stthrough10thcenturies,
1689,Wang Ch'ung,,1stthrough10thcenturies,
1690,Wang Fuzhi,TimelineEastern#Japanese,17thcentury,
1691,Hao Wang,TimelineEastern#Japanese,20thcentury,logicians
1692,Wang Yangming,TimelineEastern#Japanese,15thand16thcenturies,
1693,James Ward,British,19thcentury,
1694,Geoffrey J. Warnock,,20thcentury,
1695,Mary Warnock,,20thcentury,
1696,John B. Watson,,19thcentury,
1697,Watsuji Tetsuro,TimelineEastern#Japanese,19thcentury,
1698,Alan Watts,British,20thcentury,
1699,Max Weber,German-language,19thcentury,"['political', 'Indexsociopoliticalthinkers']"
1700,Éric Weil,French,,
1701,Simone Weil,French,20thcentury,"['political', 'Indexsociopoliticalthinkers', 'politicaltheorists']"
1702,Ota Weinberger,,,
1703,Otto Weininger,German-language,19thcentury,ethicists
1704,Christian Hermann Weisse,German-language,19thcentury,
1705,"Victoria, Lady Welby",,19thcentury,
1706,Felix Weltsch,,19thcentury,
1707,Cornel West,American,20thcentury,Indexsociopoliticalthinkers
1708,Edvard Westermarck,Finnish,19thcentury,
1709,Hermann Weyl,German-language,19thcentury,
1710,Frantisek Weyr,,19thcentury,
1711,William Whewell,British,18thcentury,ethicists
1712,Benjamin Whichcote,,17thcentury,
1713,Alan R. White,,,
1714,Thomas White,,15thand16thcenturies,
1715,Alfred North Whitehead,British,19thcentury,"['logicians', 'metaphysicians']"
1716,David Wiggins,British,20thcentury,metaphysicians
1717,William of Alnwick,Catholicandtheologians,11ththrough14thcenturies,
1718,"William of Auvergne, Bishop of Paris",Muslim,11ththrough14thcenturies,
1719,William of Auxerre,,11ththrough14thcenturies,
1720,William of Champeaux,,11ththrough14thcenturies,
1721,William of Conches,,11ththrough14thcenturies,
1722,William of Moerbeke,,11ththrough14thcenturies,
1723,William of Shyreswood,,,
1724,Bernard Williams,British,20thcentury,"['political', 'ethicists']"
1725,Donald Cary Williams,,,metaphysicians
1726,Raymond Williams,,,
1727,Timothy Williamson,British,20thcentury,
1728,Colin Wilson,,,metaphysicians
1729,John Cook Wilson,British,19thcentury,
1730,Peter Winch,,20thcentury,
1731,Wilhelm Windelband,German-language,19thcentury,
1732,Kwasi Wiredu,,20thcentury,
1733,John Wisdom,British,20thcentury,
1734,John Witherspoon,,18thcentury,
1735,Stanisław Ignacy Witkiewicz,,,
1736,Ludwig Wittgenstein,German-language,19thcentury,"['logicians', 'metaphysicians', 'epistemologists']"
1737,Adam de Wodeham,,11ththrough14thcenturies,
1738,Christian Wolff,German-language,17thcentury,"['logicians', 'metaphysicians']"
1739,William Wollaston,,17thcentury,ethicists
1740,Richard Wollheim,British,20thcentury,aestheticians
1741,Mary Wollstonecraft,,18thcentury,"['political', 'politicaltheorists']"
1742,Nicholas Wolterstorff,American,20thcentury,
1743,Wonchuk,,1stthrough10thcenturies,
1744,Wonhyo Daisa,,1stthrough10thcenturies,
1745,Woo Tsin-hang,,19thcentury,
1746,Chauncey Wright,American,19thcentury,
1747,Crispin Wright,British,20thcentury,
1748,Dorothy Maud Wrinch,,19thcentury,
1749,Jerzy Wróblewski,,20thcentury,
1750,Wilhelm Wundt,German-language,19thcentury,
1751,John Wyclif,,11ththrough14thcenturies,
1752,Xenocrates,ancientGreek,centuriesBC,ethicists
1753,Xenophon,ancientGreek,centuriesBC,political
1754,Xun Zi,,centuriesBC,"['political', 'Indexsociopoliticalthinkers']"
1755,Yajnavalkya,TimelineEastern#Japanese,centuriesBC,political
1756,Yang Chu,,centuriesBC,
1757,Yang Xiong,TimelineEastern#Japanese,centuriesBC,
1758,Yen Yuan,TimelineEastern#Japanese,17thcentury,
1759,Yi Hwang,Korean,15thand16thcenturies,
1760,Yi I,Korean,15thand16thcenturies,Indexsociopoliticalthinkers
1761,Yi Kan,,17thcentury,
1762,Francis Parker Yockey,,20thcentury,Indexsociopoliticalthinkers
1763,Paul Yorck von Wartenburg,,,
1764,Arthur M. Young,American,20thcentury,
1765,Iris Marion Young,American,20thcentury,Indexsociopoliticalthinkers
1766,Pavel Yudin,,,
1767,Jacopo Zabarella,Italian,15thand16thcenturies,logicians
1768,Edward N. Zalta,,20thcentury,
1769,Peter Wessel Zapffe,,19thcentury,
1770,Zeami Motokiyo,TimelineEastern#Japanese,11ththrough14thcenturies,
1771,Mao Zedong,TimelineEastern#Japanese,19thcentury,"['Indexsociopoliticalthinkers', 'ethicists']"
1772,Eduard Zeller,German-language,19thcentury,
1773,Zeno of Citium,ancientGreek,centuriesBC,metaphysicians
1774,Zeno of Elea,Italian,centuriesBC,metaphysicians
1775,Zeno of Sidon,ancientGreek,centuriesBC,
1776,Zeno of Tarsus,ancientGreek,centuriesBC,
1777,Dewi Zephaniah Phillips,,,
1778,Ernst Zermelo,,19thcentury,logicians
1779,Philip Zhai,,,
1780,Zhiyi,TimelineEastern#Japanese,1stthrough10thcenturies,
1781,Zhou Guoping,Chinese,20thcentury,
1782,Zhu Xi,TimelineEastern#Japanese,11ththrough14thcenturies,
1783,Zhuang Zi,,centuriesBC,
1784,Slavoj Žižek,Slovene,20thcentury,"['political', 'Indexsociopoliticalthinkers']"
1785,Florian Znaniecki,,19thcentury,
1786,Zongmi,TimelineEastern#Japanese,1stthrough10thcenturies,
1787,Zou Yan,TimelineEastern#Japanese,centuriesBC,
1788,Xavier Zubiri,Catholicandtheologians,19thcentury,metaphysicians
